id,first_name,last_name,email,gender,departament,job title
1,Celene,Saggs,csaggs0@vk.com,Female,Engineering,Junior Executive
2,Sancho,Arunowicz,sarunowicz1@e-recht24.de,Male,Human Resources,Media Manager III
3,Madelene,Whiteway,mwhiteway2@toplist.cz,Female,Human Resources,General Manager
4,Kincaid,Berridge,kberridge3@issuu.com,Non-binary,Marketing,Help Desk Operator
5,Isabel,Lead,ilead4@simplemachines.org,Genderfluid,Product Management,Web Designer IV
6,Blair,Mewburn,bmewburn5@google.fr,Male,Accounting,Database Administrator IV
7,Enrico,Roskam,eroskam6@nature.com,Male,Support,Actuary
8,Louise,Bamborough,lbamborough7@noaa.gov,Female,Sales,Help Desk Operator
9,Camala,Dahlback,cdahlback8@bizjournals.com,Female,Sales,Help Desk Technician
10,Marybeth,Klulicek,mklulicek9@alexa.com,Female,Support,Account Representative III
11,Bevin,Credland,bcredlanda@homestead.com,Male,Support,Community Outreach Specialist
12,Stanfield,Stygall,sstygallb@narod.ru,Polygender,Human Resources,Biostatistician I
13,Wilfrid,Curle,wcurlec@mtv.com,Male,Sales,Cost Accountant
14,Issy,Rothchild,irothchildd@moonfruit.com,Female,Business Development,Account Representative IV
15,Hobart,Harriagn,hharriagne@behance.net,Male,Training,VP Marketing
16,Clerc,Wash,cwashf@bloglines.com,Male,Legal,Project Manager
17,Abbi,Josef,ajosefg@bravesites.com,Female,Engineering,Payment Adjustment Coordinator
18,Clarisse,Harbage,charbageh@europa.eu,Female,Legal,Office Assistant III
19,Fayina,Titcomb,ftitcombi@europa.eu,Female,Research and Development,Compensation Analyst
20,Zoe,Olford,zolfordj@123-reg.co.uk,Female,Legal,Data Coordinator
21,Fancy,Willard,fwillardk@sohu.com,Female,Sales,Sales Associate
22,Chloris,Mougel,cmougell@quantcast.com,Female,Human Resources,Payment Adjustment Coordinator
23,Glynis,Belliveau,gbelliveaum@bandcamp.com,Female,Training,Programmer I
24,Nana,Upton,nuptonn@plala.or.jp,Female,Services,Senior Quality Engineer
25,Shea,Pierce,spierceo@nymag.com,Female,Human Resources,Office Assistant IV
26,Anett,Overel,aoverelp@ovh.net,Female,Training,Senior Cost Accountant
27,Bebe,Fawdrie,bfawdrieq@ca.gov,Bigender,Marketing,Speech Pathologist
28,Ianthe,Eicke,ieicker@virginia.edu,Female,Sales,Payment Adjustment Coordinator
29,Lethia,Laidlow,llaidlows@google.pl,Female,Accounting,Social Worker
30,Rasia,Lanfranchi,rlanfranchit@msu.edu,Female,Support,Media Manager III
31,Barr,Ollander,bollanderu@cnet.com,Male,Research and Development,Community Outreach Specialist
32,Ivor,McMichael,imcmichaelv@alibaba.com,Male,Human Resources,Safety Technician II
33,Rosita,Broe,rbroew@acquirethisname.com,Female,Research and Development,Senior Editor
34,Bard,Kirrage,bkirragex@sfgate.com,Non-binary,Business Development,Information Systems Manager
35,Blanca,Boustred,bboustredy@joomla.org,Female,Product Management,Cost Accountant
36,Gil,Riggoll,griggollz@goo.gl,Male,Business Development,Sales Representative
37,Glad,Hebson,ghebson10@pinterest.com,Female,Product Management,Payment Adjustment Coordinator
38,Wilburt,Simester,wsimester11@nba.com,Male,Training,Assistant Media Planner
39,Hyacinth,McCromley,hmccromley12@amazon.com,Female,Accounting,Database Administrator IV
40,Madelene,Barr,mbarr13@bbc.co.uk,Female,Legal,Research Nurse
41,Lolly,Tzuker,ltzuker14@4shared.com,Female,Services,Help Desk Technician
42,Terri,Dami,tdami15@google.com,Bigender,Human Resources,Physical Therapy Assistant
43,Perri,Domleo,pdomleo16@va.gov,Female,Product Management,Mechanical Systems Engineer
44,Nilson,Petteford,npetteford17@yale.edu,Male,Marketing,Developer III
45,Lorne,Mote,lmote18@cdbaby.com,Male,Sales,Structural Analysis Engineer
46,Desmond,Bricklebank,dbricklebank19@java.com,Male,Marketing,Physical Therapy Assistant
47,Johannes,Rodden,jrodden1a@hc360.com,Male,Sales,Teacher
48,Barth,Puncher,bpuncher1b@slate.com,Male,Legal,Physical Therapy Assistant
49,Dennie,Dennitts,ddennitts1c@rakuten.co.jp,Agender,Sales,Accounting Assistant I
50,Ferdy,Barnwille,fbarnwille1d@webnode.com,Male,Business Development,Business Systems Development Analyst
51,Jackquelin,Summerskill,jsummerskill1e@xrea.com,Female,Business Development,Staff Scientist
52,Yehudit,Buxsey,ybuxsey1f@jigsy.com,Male,Human Resources,Information Systems Manager
53,Elizabeth,Dormon,edormon1g@networksolutions.com,Female,Human Resources,Cost Accountant
54,Porter,Hitchens,phitchens1h@pcworld.com,Male,Product Management,Account Executive
55,Camey,Dabnor,cdabnor1i@yahoo.com,Male,Support,VP Sales
56,Oralia,Antoney,oantoney1j@vistaprint.com,Female,Accounting,Structural Analysis Engineer
57,Prudi,Attwooll,pattwooll1k@plala.or.jp,Genderfluid,Legal,Recruiter
58,Fabiano,McElane,fmcelane1l@g.co,Male,Human Resources,Executive Secretary
59,Ermin,Strowger,estrowger1m@blogspot.com,Male,Product Management,Executive Secretary
60,Emanuele,Nealon,enealon1n@marketwatch.com,Male,Support,Community Outreach Specialist
61,Adora,Barbery,abarbery1o@barnesandnoble.com,Polygender,Accounting,Product Engineer
62,Simone,Shimmin,sshimmin1p@icio.us,Male,Human Resources,Occupational Therapist
63,Wye,Kohen,wkohen1q@fema.gov,Male,Training,Civil Engineer
64,Andeee,Setter,asetter1r@cocolog-nifty.com,Female,Accounting,Electrical Engineer
65,Tristam,Fermer,tfermer1s@devhub.com,Male,Accounting,Recruiting Manager
66,Angelia,Polkinghorne,apolkinghorne1t@businessinsider.com,Female,Services,Cost Accountant
67,Marika,Spittle,mspittle1u@chronoengine.com,Female,Training,Safety Technician I
68,Dorie,Lilie,dlilie1v@businessinsider.com,Male,Business Development,VP Accounting
69,Dallis,Aslin,daslin1w@creativecommons.org,Polygender,Services,Account Coordinator
70,Dominik,Foulger,dfoulger1x@constantcontact.com,Male,Training,Food Chemist
71,Cathe,De Stoop,cdestoop1y@fastcompany.com,Female,Legal,Design Engineer
72,Marcile,Hallwood,mhallwood1z@mac.com,Non-binary,Engineering,VP Marketing
73,Harley,Giffon,hgiffon20@chronoengine.com,Female,Human Resources,Assistant Manager
74,Shep,Shadwick,sshadwick21@soup.io,Male,Business Development,Account Representative II
75,Daffy,Rengger,drengger22@ft.com,Female,Support,Media Manager IV
76,Fidela,Harnor,fharnor23@t-online.de,Non-binary,Legal,Design Engineer
77,Cathe,Dehn,cdehn24@foxnews.com,Female,Engineering,Account Coordinator
78,Lidia,Rodolico,lrodolico25@unblog.fr,Female,Legal,Senior Cost Accountant
79,Gilburt,Schimank,gschimank26@pcworld.com,Male,Sales,Senior Financial Analyst
80,Jayme,Babst,jbabst27@squidoo.com,Male,Product Management,Senior Editor
81,Sayers,Josselsohn,sjosselsohn28@jugem.jp,Male,Marketing,Accounting Assistant III
82,Mora,Winchcombe,mwinchcombe29@microsoft.com,Female,Training,Senior Cost Accountant
83,Laurence,Verrall,lverrall2a@abc.net.au,Male,Legal,Account Representative II
84,Findlay,Shoreson,fshoreson2b@nature.com,Male,Human Resources,Programmer I
85,Katalin,Delahunt,kdelahunt2c@yelp.com,Female,Legal,Financial Analyst
86,Annelise,Andell,aandell2d@bandcamp.com,Genderqueer,Human Resources,Teacher
87,Elyn,Buard,ebuard2e@xinhuanet.com,Female,Engineering,Assistant Manager
88,Catherine,Hawley,chawley2f@who.int,Female,Sales,Senior Developer
89,Eduardo,McFall,emcfall2g@edublogs.org,Male,Support,Web Designer II
90,Leonhard,Sherlaw,lsherlaw2h@mac.com,Male,Business Development,Financial Analyst
91,Trent,Wethered,twethered2i@pagesperso-orange.fr,Male,Sales,Programmer II
92,Esteban,Ravens,eravens2j@ft.com,Male,Research and Development,Database Administrator III
93,Ardeen,Chrystal,achrystal2k@jiathis.com,Female,Legal,Human Resources Manager
94,Portie,Strasse,pstrasse2l@live.com,Male,Engineering,Compensation Analyst
95,Taddeo,Insole,tinsole2m@yale.edu,Male,Marketing,Actuary
96,Emily,Gilbody,egilbody2n@reuters.com,Female,Sales,Environmental Tech
97,Nilson,Burth,nburth2o@prlog.org,Polygender,Product Management,Programmer Analyst I
98,Laney,Giorgeschi,lgiorgeschi2p@state.gov,Female,Training,Safety Technician III
99,Burnaby,O'Scanlan,boscanlan2q@ustream.tv,Male,Marketing,General Manager
100,Dody,Sprade,dsprade2r@irs.gov,Female,Engineering,Software Test Engineer III
101,Dene,Acuna,dacuna2s@independent.co.uk,Male,Training,Internal Auditor
102,Obie,Idwal Evans,oidwalevans2t@spotify.com,Male,Engineering,Recruiter
103,Kristina,Charrett,kcharrett2u@wikipedia.org,Female,Marketing,Web Developer I
104,Lincoln,McConnulty,lmcconnulty2v@nymag.com,Male,Marketing,Marketing Assistant
105,Jillana,Flanne,jflanne2w@zimbio.com,Female,Research and Development,Senior Developer
106,Sebastien,Williscroft,swilliscroft2x@kickstarter.com,Male,Training,Help Desk Technician
107,Gwenny,Cormack,gcormack2y@google.fr,Female,Product Management,Structural Analysis Engineer
108,Sean,Crone,scrone2z@smh.com.au,Male,Training,Staff Scientist
109,Gradeigh,Eslie,geslie30@answers.com,Male,Support,Safety Technician II
110,Elvin,Pallant,epallant31@vkontakte.ru,Male,Research and Development,Associate Professor
111,Rodrigo,Buckel,rbuckel32@archive.org,Male,Services,Occupational Therapist
112,Gordy,De Malchar,gdemalchar33@cbslocal.com,Genderfluid,Marketing,Automation Specialist III
113,Martie,McCray,mmccray34@imdb.com,Female,Legal,Structural Analysis Engineer
114,Bobbe,McCroft,bmccroft35@ucoz.com,Female,Research and Development,Physical Therapy Assistant
115,Robb,Jantel,rjantel36@house.gov,Male,Legal,Software Engineer I
116,Thom,Maultby,tmaultby37@dot.gov,Non-binary,Business Development,Community Outreach Specialist
117,Tansy,Bernier,tbernier38@dell.com,Female,Sales,Health Coach IV
118,Dwight,Wagnerin,dwagnerin39@mayoclinic.com,Male,Training,Accounting Assistant I
119,Roger,Romeo,rromeo3a@state.gov,Male,Support,Nurse
120,Kara,Riddington,kriddington3b@tiny.cc,Female,Research and Development,Account Representative IV
121,Christiane,Goranov,cgoranov3c@usda.gov,Female,Services,Programmer III
122,Hewe,Volant,hvolant3d@salon.com,Genderqueer,Engineering,Compensation Analyst
123,Nil,Colombier,ncolombier3e@theatlantic.com,Male,Engineering,Dental Hygienist
124,Dyanna,Imlach,dimlach3f@sohu.com,Female,Accounting,Research Assistant I
125,Alyse,Brouwer,abrouwer3g@statcounter.com,Female,Services,Software Consultant
126,Reidar,Cade,rcade3h@bravesites.com,Male,Services,Registered Nurse
127,Hannie,Van Waadenburg,hvanwaadenburg3i@nih.gov,Female,Product Management,Senior Quality Engineer
128,Ofilia,Clemmett,oclemmett3j@hugedomains.com,Female,Engineering,Associate Professor
129,Jillene,Rohan,jrohan3k@google.co.jp,Female,Training,Assistant Professor
130,Vevay,Cuerdale,vcuerdale3l@a8.net,Female,Engineering,Tax Accountant
131,Lissi,Attenburrow,lattenburrow3m@t.co,Female,Training,Associate Professor
132,Deck,Rizzetti,drizzetti3n@1und1.de,Male,Services,Dental Hygienist
133,Moira,Malcolmson,mmalcolmson3o@washingtonpost.com,Female,Services,Senior Financial Analyst
134,Craig,Filipic,cfilipic3p@archive.org,Male,Services,Editor
135,Nolan,Kleinhaus,nkleinhaus3q@themeforest.net,Male,Product Management,Design Engineer
136,Moina,Works,mworks3r@twitter.com,Female,Research and Development,Physical Therapy Assistant
137,Marti,Stanyland,mstanyland3s@cnn.com,Female,Training,Teacher
138,Tonye,Leggitt,tleggitt3t@redcross.org,Female,Human Resources,Staff Scientist
139,Hallsy,Ervin,hervin3u@illinois.edu,Male,Business Development,Information Systems Manager
140,Elset,Trevan,etrevan3v@github.io,Female,Accounting,Analog Circuit Design manager
141,Dayle,Cheale,dcheale3w@ehow.com,Female,Marketing,Assistant Manager
142,Georgine,Syncke,gsyncke3x@myspace.com,Female,Services,Account Representative I
143,Leo,Dudeney,ldudeney3y@rambler.ru,Male,Sales,Senior Quality Engineer
144,Bonnibelle,Darrigrand,bdarrigrand3z@businessweek.com,Female,Training,Research Nurse
145,Haleigh,Coll,hcoll40@elpais.com,Male,Business Development,Chief Design Engineer
146,Gav,Cherryman,gcherryman41@google.co.uk,Male,Marketing,Design Engineer
147,Eadmund,Fehners,efehners42@prlog.org,Male,Research and Development,Marketing Manager
148,Diane-marie,Ashe,dashe43@illinois.edu,Female,Legal,Account Coordinator
149,Barbee,Cropton,bcropton44@bbb.org,Female,Human Resources,Help Desk Technician
150,Edvard,Roddie,eroddie45@arizona.edu,Male,Services,Senior Editor
151,Gayler,Tarte,gtarte46@walmart.com,Male,Training,Web Designer II
152,Jacquette,Zorzutti,jzorzutti47@google.com,Female,Training,Quality Control Specialist
153,Micheil,Jowsey,mjowsey48@cbc.ca,Male,Accounting,Civil Engineer
154,Michaelina,Deedes,mdeedes49@washington.edu,Female,Services,Nuclear Power Engineer
155,Sherilyn,Izsak,sizsak4a@businessinsider.com,Female,Accounting,Environmental Tech
156,Aldo,Shallow,ashallow4b@google.com.hk,Male,Training,Computer Systems Analyst I
157,Agustin,Yakushkev,ayakushkev4c@fda.gov,Male,Product Management,Information Systems Manager
158,Berkley,Fielders,bfielders4d@furl.net,Male,Accounting,Physical Therapy Assistant
159,Jania,Nestoruk,jnestoruk4e@altervista.org,Female,Services,Recruiter
160,Ola,Polgreen,opolgreen4f@hugedomains.com,Female,Legal,Programmer II
161,Queenie,Melling,qmelling4g@acquirethisname.com,Female,Legal,Health Coach III
162,Adena,Brecken,abrecken4h@nsw.gov.au,Female,Human Resources,Desktop Support Technician
163,Abraham,Deboo,adeboo4i@cbc.ca,Male,Human Resources,Research Nurse
164,Barbe,Santori,bsantori4j@loc.gov,Female,Support,Product Engineer
165,Darby,Dreinan,ddreinan4k@marriott.com,Male,Engineering,Teacher
166,Wit,Cardillo,wcardillo4l@opensource.org,Agender,Services,Operator
167,Randene,Ragdale,rragdale4m@51.la,Genderfluid,Services,Senior Financial Analyst
168,Cesya,Tibbits,ctibbits4n@blog.com,Genderfluid,Marketing,Technical Writer
169,Teresa,Mowlam,tmowlam4o@google.it,Female,Business Development,Civil Engineer
170,Oliviero,Morrel,omorrel4p@sbwire.com,Male,Engineering,VP Accounting
171,Auroora,Lessmare,alessmare4q@list-manage.com,Female,Product Management,Pharmacist
172,Malissa,De Blase,mdeblase4r@ox.ac.uk,Bigender,Services,Help Desk Technician
173,Max,Ceeley,mceeley4s@blog.com,Female,Business Development,Engineer IV
174,Eleen,Bunhill,ebunhill4t@qq.com,Female,Research and Development,Civil Engineer
175,Simon,Lowndesbrough,slowndesbrough4u@cmu.edu,Male,Product Management,VP Sales
176,Sampson,Pinare,spinare4v@so-net.ne.jp,Male,Sales,Safety Technician II
177,Alon,Prestedge,aprestedge4w@umich.edu,Male,Support,Nurse Practicioner
178,Bendicty,Gaenor,bgaenor4x@ibm.com,Male,Sales,Web Designer I
179,Freedman,Hitchens,fhitchens4y@sciencedirect.com,Male,Legal,General Manager
180,Ximenes,Bell,xbell4z@list-manage.com,Male,Accounting,Assistant Professor
181,Pall,Anker,panker50@google.es,Male,Human Resources,Analog Circuit Design manager
182,Consuela,Saiger,csaiger51@uol.com.br,Female,Product Management,VP Sales
183,Dominick,McAnellye,dmcanellye52@com.com,Male,Product Management,Developer II
184,Nissie,Handslip,nhandslip53@vk.com,Female,Marketing,Systems Administrator IV
185,Christyna,Davydzenko,cdavydzenko54@com.com,Non-binary,Sales,Tax Accountant
186,Calla,Raatz,craatz55@noaa.gov,Female,Business Development,Analog Circuit Design manager
187,Vince,Littleover,vlittleover56@abc.net.au,Male,Business Development,Software Consultant
188,Jo-anne,McGeraghty,jmcgeraghty57@imageshack.us,Bigender,Services,Geologist II
189,Dex,Tesseyman,dtesseyman58@java.com,Male,Accounting,Systems Administrator IV
190,Jessey,Bercher,jbercher59@cyberchimps.com,Male,Sales,Actuary
191,Sumner,Wisam,swisam5a@rambler.ru,Male,Sales,Environmental Tech
192,Audie,Bragginton,abragginton5b@free.fr,Female,Marketing,Legal Assistant
193,Giffie,Kilmartin,gkilmartin5c@wikipedia.org,Male,Business Development,Staff Accountant III
194,Rogers,Diviney,rdiviney5d@japanpost.jp,Genderfluid,Marketing,Librarian
195,Jennie,Eglaise,jeglaise5e@archive.org,Female,Engineering,Editor
196,Hastings,Beccera,hbeccera5f@tinyurl.com,Male,Business Development,Pharmacist
197,De witt,Thirwell,dthirwell5g@yellowbook.com,Male,Business Development,Statistician II
198,Glen,Ditchett,gditchett5h@dot.gov,Male,Product Management,Professor
199,Pauli,Knutton,pknutton5i@hugedomains.com,Female,Support,Marketing Assistant
200,Herta,Minchella,hminchella5j@wikipedia.org,Female,Human Resources,Physical Therapy Assistant
201,Jarrad,Clemo,jclemo5k@mail.ru,Agender,Business Development,VP Marketing
202,Berky,Grelka,bgrelka5l@yolasite.com,Male,Business Development,Data Coordinator
203,Twila,Beechcraft,tbeechcraft5m@home.pl,Female,Services,VP Accounting
204,Vivia,Callington,vcallington5n@nhs.uk,Non-binary,Research and Development,Operator
205,Shurwood,Lewin,slewin5o@livejournal.com,Male,Engineering,Staff Scientist
206,Betty,Capineer,bcapineer5p@tripadvisor.com,Female,Marketing,Assistant Professor
207,Anson,Bourley,abourley5q@prnewswire.com,Male,Product Management,Pharmacist
208,Orsa,Stone Fewings,ostonefewings5r@typepad.com,Genderqueer,Legal,Mechanical Systems Engineer
209,Elisa,Vennart,evennart5s@edublogs.org,Female,Legal,Biostatistician I
210,Humfried,Cockley,hcockley5t@usa.gov,Male,Business Development,Pharmacist
211,Shelley,Ridger,sridger5u@utexas.edu,Male,Product Management,Help Desk Operator
212,Katlin,Bromage,kbromage5v@over-blog.com,Female,Legal,Geological Engineer
213,Amber,Blakeslee,ablakeslee5w@bizjournals.com,Female,Marketing,Data Coordinator
214,Lorenza,Klimentov,lklimentov5x@fotki.com,Female,Sales,Database Administrator IV
215,Annabelle,Leathley,aleathley5y@digg.com,Female,Research and Development,Sales Associate
216,Dianna,Adnams,dadnams5z@de.vu,Non-binary,Accounting,Senior Editor
217,Susi,Hydes,shydes60@home.pl,Female,Business Development,Senior Developer
218,Claudio,Klaffs,cklaffs61@patch.com,Male,Product Management,Research Associate
219,Westley,Whitmore,wwhitmore62@statcounter.com,Male,Research and Development,Senior Quality Engineer
220,Biron,Parsell,bparsell63@nasa.gov,Non-binary,Engineering,Research Assistant III
221,Felix,Nightingale,fnightingale64@nyu.edu,Male,Sales,Food Chemist
222,Gabi,Skyme,gskyme65@howstuffworks.com,Male,Services,Environmental Specialist
223,Ilse,Veale,iveale66@washington.edu,Genderqueer,Accounting,Help Desk Technician
224,Donnie,Kedie,dkedie67@hostgator.com,Male,Human Resources,Marketing Assistant
225,Huey,Velde,hvelde68@google.it,Genderqueer,Engineering,Professor
226,Skipper,Maciejewski,smaciejewski69@fema.gov,Agender,Business Development,Safety Technician I
227,Lucius,D'Agostino,ldagostino6a@theatlantic.com,Male,Legal,Actuary
228,Anson,Culleford,aculleford6b@forbes.com,Male,Human Resources,Paralegal
229,Ellen,Rangle,erangle6c@archive.org,Polygender,Services,Payment Adjustment Coordinator
230,Ellwood,Stovine,estovine6d@chronoengine.com,Male,Product Management,VP Quality Control
231,Chaim,Akeherst,cakeherst6e@biblegateway.com,Male,Product Management,Computer Systems Analyst II
232,Chet,Jordeson,cjordeson6f@webnode.com,Male,Marketing,Desktop Support Technician
233,Cassy,Pottle,cpottle6g@buzzfeed.com,Female,Marketing,Research Nurse
234,Elora,Ronisch,eronisch6h@mediafire.com,Female,Product Management,Tax Accountant
235,Cullen,Issacson,cissacson6i@infoseek.co.jp,Male,Services,Health Coach II
236,Gabie,Collelton,gcollelton6j@cdc.gov,Female,Human Resources,Media Manager I
237,Mikael,Avard,mavard6k@com.com,Male,Human Resources,Software Test Engineer I
238,Lana,Woodsford,lwoodsford6l@nasa.gov,Female,Services,Assistant Professor
239,Robb,Gyves,rgyves6m@myspace.com,Male,Business Development,Actuary
240,Fernanda,Stanyard,fstanyard6n@princeton.edu,Female,Research and Development,Graphic Designer
241,Jocko,Cleal,jcleal6o@mapquest.com,Male,Business Development,Payment Adjustment Coordinator
242,Keenan,Dukes,kdukes6p@about.me,Male,Sales,Senior Cost Accountant
243,Ezequiel,Syphas,esyphas6q@linkedin.com,Male,Product Management,Web Designer I
244,Ginelle,GiacobbiniJacob,ggiacobbinijacob6r@hexun.com,Female,Human Resources,Office Assistant II
245,Junette,Whittek,jwhittek6s@netlog.com,Female,Product Management,Geologist II
246,Julianne,Simoneton,jsimoneton6t@vkontakte.ru,Non-binary,Training,Developer II
247,Kass,Gorden,kgorden6u@1688.com,Bigender,Business Development,Research Nurse
248,Glori,Hutton,ghutton6v@pagesperso-orange.fr,Female,Accounting,Information Systems Manager
249,Karla,Northfield,knorthfield6w@rakuten.co.jp,Female,Business Development,Project Manager
250,Ebenezer,Figg,efigg6x@lulu.com,Male,Accounting,Analog Circuit Design manager
251,Margi,Congrave,mcongrave6y@dagondesign.com,Female,Sales,Research Assistant III
252,Dulci,Madigan,dmadigan6z@adobe.com,Female,Sales,Sales Representative
253,Wallie,Loadwick,wloadwick70@jimdo.com,Non-binary,Product Management,Computer Systems Analyst I
254,Stacey,Farndon,sfarndon71@studiopress.com,Female,Support,Senior Quality Engineer
255,Ivory,Melross,imelross72@sogou.com,Female,Business Development,Dental Hygienist
256,Kiley,Longbone,klongbone73@cdbaby.com,Female,Services,Registered Nurse
257,Bernadine,Whear,bwhear74@prnewswire.com,Female,Business Development,Help Desk Technician
258,Barnard,Kuhnhardt,bkuhnhardt75@accuweather.com,Male,Marketing,Recruiting Manager
259,Jolynn,Bram,jbram76@goodreads.com,Female,Services,Librarian
260,Lila,Matteucci,lmatteucci77@networkadvertising.org,Female,Legal,Pharmacist
261,Agna,Dybbe,adybbe78@washington.edu,Female,Accounting,Nuclear Power Engineer
262,Jermain,Walster,jwalster79@drupal.org,Male,Accounting,Statistician I
263,Aldis,Manlow,amanlow7a@ovh.net,Male,Services,Payment Adjustment Coordinator
264,Joellen,Kubala,jkubala7b@ameblo.jp,Female,Business Development,Help Desk Operator
265,Dani,Capponer,dcapponer7c@e-recht24.de,Male,Support,VP Product Management
266,Simone,Ferandez,sferandez7d@vkontakte.ru,Female,Support,Pharmacist
267,Perice,Rubinsaft,prubinsaft7e@mail.ru,Male,Research and Development,Speech Pathologist
268,Farleigh,Pyper,fpyper7f@usnews.com,Male,Engineering,Help Desk Operator
269,Kimble,Bowland,kbowland7g@sitemeter.com,Male,Accounting,Administrative Assistant II
270,Damian,Crockatt,dcrockatt7h@prweb.com,Male,Support,Developer III
271,Rosana,Guest,rguest7i@nydailynews.com,Female,Sales,Web Designer IV
272,Gilberta,McMakin,gmcmakin7j@privacy.gov.au,Female,Sales,Civil Engineer
273,Mandi,Heild,mheild7k@businesswire.com,Female,Engineering,Human Resources Manager
274,Nessy,Simmonett,nsimmonett7l@twitpic.com,Female,Support,Internal Auditor
275,Gabie,Antoniat,gantoniat7m@artisteer.com,Female,Research and Development,Physical Therapy Assistant
276,Miner,Chalker,mchalker7n@who.int,Male,Product Management,Mechanical Systems Engineer
277,Viviene,Redsull,vredsull7o@ow.ly,Female,Services,Help Desk Technician
278,Kathleen,Brisland,kbrisland7p@barnesandnoble.com,Female,Product Management,Web Designer III
279,Rivkah,Hallum,rhallum7q@1und1.de,Female,Accounting,Junior Executive
280,Derward,Burborough,dburborough7r@sciencedirect.com,Male,Business Development,Health Coach III
281,Anders,Darinton,adarinton7s@pinterest.com,Male,Legal,Research Associate
282,Warner,Oxtaby,woxtaby7t@blogger.com,Male,Marketing,Dental Hygienist
283,Bunnie,Pereira,bpereira7u@tinypic.com,Female,Services,Recruiting Manager
284,Damiano,Shutt,dshutt7v@accuweather.com,Male,Research and Development,Systems Administrator III
285,Morty,Perche,mperche7w@myspace.com,Male,Training,Statistician III
286,Jacqueline,Lesor,jlesor7x@yahoo.com,Female,Support,Clinical Specialist
287,Lowe,Gales,lgales7y@craigslist.org,Male,Legal,Research Assistant I
288,Daphene,Ludlow,dludlow7z@mail.ru,Female,Services,Physical Therapy Assistant
289,Thea,Barnardo,tbarnardo80@instagram.com,Female,Services,Web Designer IV
290,Abraham,Mecco,amecco81@cam.ac.uk,Male,Accounting,Help Desk Operator
291,Ki,McCafferty,kmccafferty82@telegraph.co.uk,Female,Support,Senior Editor
292,Vernor,Scrine,vscrine83@japanpost.jp,Polygender,Training,Engineer III
293,Goddard,Sealeaf,gsealeaf84@wikipedia.org,Male,Engineering,Software Test Engineer II
294,Christos,Rootes,crootes85@studiopress.com,Male,Business Development,Geologist III
295,Cornall,Clarkson,cclarkson86@youtube.com,Male,Engineering,Technical Writer
296,Josie,Aubri,jaubri87@twitter.com,Female,Training,Account Coordinator
297,Huntlee,Merritt,hmerritt88@theglobeandmail.com,Male,Legal,Programmer Analyst II
298,Sigismundo,Woolveridge,swoolveridge89@cargocollective.com,Male,Sales,Account Executive
299,Eddi,Blackader,eblackader8a@naver.com,Non-binary,Engineering,Internal Auditor
300,Tracey,Berthot,tberthot8b@accuweather.com,Male,Engineering,Research Nurse
301,Jobye,Sorrell,jsorrell8c@wufoo.com,Female,Legal,Graphic Designer
302,Abe,Robbeke,arobbeke8d@twitpic.com,Male,Services,Assistant Professor
303,Gallagher,Lambot,glambot8e@webs.com,Male,Product Management,Nuclear Power Engineer
304,Mariellen,Stetson,mstetson8f@livejournal.com,Female,Legal,Programmer Analyst III
305,Hardy,Pepys,hpepys8g@scientificamerican.com,Male,Human Resources,Marketing Manager
306,Seka,Bernaldo,sbernaldo8h@archive.org,Female,Engineering,Budget/Accounting Analyst I
307,Culver,Braidman,cbraidman8i@arizona.edu,Male,Business Development,Nurse Practicioner
308,Barn,Matussevich,bmatussevich8j@cnet.com,Male,Accounting,Design Engineer
309,Lancelot,Ameer-Beg,lameerbeg8k@jimdo.com,Male,Services,Marketing Manager
310,Sherwynd,Stirman,sstirman8l@craigslist.org,Male,Sales,GIS Technical Architect
311,Dosi,Dummigan,ddummigan8m@networkadvertising.org,Female,Services,Senior Financial Analyst
312,Dal,Mulvany,dmulvany8n@t.co,Male,Engineering,Cost Accountant
313,Shep,Boshard,sboshard8o@dion.ne.jp,Male,Training,Environmental Specialist
314,Tymothy,Martinets,tmartinets8p@google.fr,Male,Support,Quality Control Specialist
315,Sebastien,Serridge,sserridge8q@kickstarter.com,Male,Human Resources,Sales Associate
316,Dorthy,Cooling,dcooling8r@hao123.com,Female,Sales,Web Designer I
317,Cirstoforo,Gonsalo,cgonsalo8s@slideshare.net,Male,Support,Graphic Designer
318,Ford,Harfoot,fharfoot8t@globo.com,Male,Human Resources,Graphic Designer
319,Valentine,Woodcraft,vwoodcraft8u@tripadvisor.com,Female,Marketing,Marketing Assistant
320,Pauly,Marking,pmarking8v@quantcast.com,Agender,Business Development,Analyst Programmer
321,Kyle,Ferras,kferras8w@gnu.org,Agender,Marketing,Electrical Engineer
322,Whit,Grubb,wgrubb8x@aboutads.info,Bigender,Business Development,Budget/Accounting Analyst III
323,Lisette,Hortop,lhortop8y@un.org,Female,Engineering,Recruiter
324,Desi,Banting,dbanting8z@jigsy.com,Male,Engineering,Senior Editor
325,Eldredge,Freear,efreear90@miitbeian.gov.cn,Male,Legal,Software Engineer III
326,Codi,Conkling,cconkling91@dot.gov,Male,Training,Nurse
327,Udell,Greenham,ugreenham92@google.com.hk,Male,Human Resources,Senior Developer
328,Mickie,Saynor,msaynor93@senate.gov,Female,Marketing,Systems Administrator II
329,Tammy,Brager,tbrager94@shareasale.com,Genderfluid,Legal,Media Manager III
330,Augusto,Skeats,askeats95@timesonline.co.uk,Male,Research and Development,VP Accounting
331,Zsazsa,Catt,zcatt96@sciencedaily.com,Bigender,Research and Development,Programmer Analyst II
332,Collin,Wimpress,cwimpress97@mozilla.com,Male,Product Management,Associate Professor
333,Frances,Ion,fion98@bandcamp.com,Female,Training,VP Accounting
334,Bird,Eloi,beloi99@pbs.org,Genderqueer,Sales,Database Administrator I
335,Ardelia,Dawltrey,adawltrey9a@hao123.com,Female,Marketing,Staff Accountant IV
336,Kalindi,Ortells,kortells9b@naver.com,Female,Business Development,Technical Writer
337,Tracey,Kellett,tkellett9c@feedburner.com,Genderfluid,Accounting,Programmer III
338,Ansley,Giannoni,agiannoni9d@seattletimes.com,Female,Training,Design Engineer
339,Lila,Albert,lalbert9e@devhub.com,Female,Support,Technical Writer
340,Lisabeth,Brimman,lbrimman9f@scientificamerican.com,Female,Support,Physical Therapy Assistant
341,Reynolds,Jemmett,rjemmett9g@clickbank.net,Male,Business Development,Marketing Manager
342,Alexio,Deavin,adeavin9h@va.gov,Male,Marketing,Director of Sales
343,Myron,Tawn,mtawn9i@webeden.co.uk,Male,Training,Teacher
344,Val,Guillond,vguillond9j@ibm.com,Female,Legal,Dental Hygienist
345,Elsy,Skully,eskully9k@furl.net,Female,Business Development,Nuclear Power Engineer
346,Dorene,Haskew,dhaskew9l@technorati.com,Agender,Sales,Assistant Professor
347,Benjy,Bunce,bbunce9m@com.com,Male,Sales,Quality Engineer
348,Vanessa,Smurfit,vsmurfit9n@sohu.com,Female,Business Development,Account Representative I
349,Cindelyn,Stevenson,cstevenson9o@washington.edu,Female,Product Management,Physical Therapy Assistant
350,Phip,Dimberline,pdimberline9p@slideshare.net,Male,Services,Payment Adjustment Coordinator
351,Chet,Lewcock,clewcock9q@networkadvertising.org,Polygender,Human Resources,Business Systems Development Analyst
352,Artie,Darth,adarth9r@opensource.org,Male,Research and Development,Chemical Engineer
353,Lishe,Yantsurev,lyantsurev9s@nih.gov,Female,Legal,Research Associate
354,Carlie,Verlinden,cverlinden9t@si.edu,Male,Accounting,Cost Accountant
355,Daisi,Ashborn,dashborn9u@miibeian.gov.cn,Female,Marketing,Financial Analyst
356,Carolan,Quarterman,cquarterman9v@sina.com.cn,Non-binary,Legal,Developer II
357,Ryan,Stops,rstops9w@clickbank.net,Male,Accounting,Physical Therapy Assistant
358,Lockwood,Penzer,lpenzer9x@domainmarket.com,Male,Training,Statistician IV
359,Sanderson,Janes,sjanes9y@zdnet.com,Male,Human Resources,Programmer Analyst III
360,Lydon,Loverock,lloverock9z@netscape.com,Male,Research and Development,Associate Professor
361,Dillon,Pougher,dpoughera0@ihg.com,Male,Business Development,Assistant Professor
362,Gan,Shelper,gshelpera1@hexun.com,Male,Product Management,Marketing Assistant
363,Eugine,Raeside,eraesidea2@myspace.com,Female,Sales,Geologist I
364,Hale,Rhodes,hrhodesa3@eepurl.com,Male,Marketing,Assistant Media Planner
365,Maurits,Ondricek,mondriceka4@dion.ne.jp,Male,Engineering,Senior Cost Accountant
366,Ree,Bidwell,rbidwella5@tumblr.com,Female,Training,VP Accounting
367,Cherice,Sherwill,csherwilla6@prweb.com,Female,Services,GIS Technical Architect
368,Salomo,Godbert,sgodberta7@umich.edu,Male,Accounting,Payment Adjustment Coordinator
369,Mordecai,Rheam,mrheama8@technorati.com,Male,Marketing,Senior Developer
370,Karel,Thornham,kthornhama9@nsw.gov.au,Bigender,Sales,Quality Control Specialist
371,Denna,Aucott,daucottaa@pcworld.com,Polygender,Support,Developer III
372,Natassia,Flageul,nflageulab@flickr.com,Female,Research and Development,Desktop Support Technician
373,Trever,Benardet,tbenardetac@smh.com.au,Male,Marketing,Quality Control Specialist
374,Celestina,Savil,csavilad@goo.ne.jp,Female,Training,Junior Executive
375,Corbett,Phlipon,cphliponae@g.co,Male,Training,Sales Representative
376,Lazar,Goldring,lgoldringaf@smugmug.com,Male,Training,Nuclear Power Engineer
377,Everard,Lukianov,elukianovag@wix.com,Male,Training,Senior Cost Accountant
378,Traver,Ferryman,tferrymanah@japanpost.jp,Male,Accounting,Quality Control Specialist
379,Nerti,Tripean,ntripeanai@gmpg.org,Female,Product Management,Teacher
380,Elsworth,Guesford,eguesfordaj@moonfruit.com,Male,Product Management,Operator
381,Pamelina,Lapree,plapreeak@foxnews.com,Female,Human Resources,Analog Circuit Design manager
382,Gerrie,Dougherty,gdoughertyal@ameblo.jp,Male,Training,Quality Engineer
383,Nanni,d' Eye,ndeyeam@multiply.com,Female,Sales,Librarian
384,Bing,Machan,bmachanan@va.gov,Male,Services,Database Administrator II
385,Sheffield,Nordass,snordassao@blogspot.com,Male,Product Management,Geological Engineer
386,Caryn,Creamer,ccreamerap@alexa.com,Female,Accounting,General Manager
387,Valry,Dellenty,vdellentyaq@plala.or.jp,Female,Training,Health Coach I
388,Raff,Merrisson,rmerrissonar@nyu.edu,Male,Legal,Sales Associate
389,Beilul,Laviss,blavissas@virginia.edu,Female,Support,Business Systems Development Analyst
390,Nicole,Samweyes,nsamweyesat@blogs.com,Female,Human Resources,Quality Engineer
391,Raven,Rosenzveig,rrosenzveigau@about.com,Female,Accounting,Project Manager
392,Terra,Izkoveski,tizkoveskiav@who.int,Female,Services,Environmental Specialist
393,Virginie,Tytherton,vtythertonaw@cam.ac.uk,Female,Legal,Research Assistant I
394,Elyssa,Audenis,eaudenisax@intel.com,Female,Services,Technical Writer
395,Cacilie,Bickardike,cbickardikeay@shutterfly.com,Female,Support,Accountant I
396,Shurwood,Mapes,smapesaz@guardian.co.uk,Male,Engineering,Internal Auditor
397,Charissa,Pirt,cpirtb0@tuttocitta.it,Female,Training,VP Quality Control
398,Maximilian,Jex,mjexb1@topsy.com,Male,Engineering,Speech Pathologist
399,Myriam,Allabush,mallabushb2@fema.gov,Female,Human Resources,Automation Specialist IV
400,Granny,Herety,gheretyb3@rediff.com,Male,Marketing,Biostatistician II
401,Leland,Southwell,lsouthwellb4@acquirethisname.com,Male,Accounting,General Manager
402,Cly,McCann,cmccannb5@wp.com,Male,Accounting,Senior Sales Associate
403,Tod,Hast,thastb6@cbc.ca,Male,Product Management,Speech Pathologist
404,Antonin,Corrington,acorringtonb7@e-recht24.de,Male,Accounting,Financial Analyst
405,Putnem,Goldstone,pgoldstoneb8@weebly.com,Male,Human Resources,Electrical Engineer
406,Pierre,Tourot,ptourotb9@instagram.com,Male,Legal,Senior Quality Engineer
407,Stillmann,Roadknight,sroadknightba@harvard.edu,Male,Training,Media Manager I
408,Mag,Fullerton,mfullertonbb@spiegel.de,Female,Research and Development,Geologist I
409,Brice,Rowling,browlingbc@reddit.com,Male,Training,Software Engineer II
410,Grissel,Cuffin,gcuffinbd@craigslist.org,Female,Support,Programmer I
411,Rosella,Lehon,rlehonbe@wikia.com,Female,Support,Editor
412,Krystal,Ottam,kottambf@furl.net,Agender,Support,Database Administrator III
413,Germain,Wolseley,gwolseleybg@whitehouse.gov,Female,Legal,Quality Control Specialist
414,Walther,Berecloth,wbereclothbh@slashdot.org,Male,Sales,Help Desk Technician
415,Enriqueta,Leaves,eleavesbi@irs.gov,Female,Engineering,Human Resources Assistant I
416,Zorine,MacConnel,zmacconnelbj@biglobe.ne.jp,Female,Product Management,Human Resources Assistant I
417,Hillery,Hanlon,hhanlonbk@xing.com,Male,Services,Data Coordinator
418,Lavena,Como,lcomobl@qq.com,Bigender,Legal,Dental Hygienist
419,Eadmund,Cashen,ecashenbm@last.fm,Male,Support,Internal Auditor
420,Catlin,Tedman,ctedmanbn@dailymail.co.uk,Female,Legal,Community Outreach Specialist
421,Alano,McNiff,amcniffbo@biglobe.ne.jp,Male,Human Resources,Business Systems Development Analyst
422,Lani,Fraine,lfrainebp@hhs.gov,Female,Research and Development,Mechanical Systems Engineer
423,Hurley,Shaylor,hshaylorbq@blogtalkradio.com,Male,Engineering,Operator
424,Taddeusz,Raittie,traittiebr@ucsd.edu,Male,Marketing,Quality Engineer
425,Kial,Cassey,kcasseybs@usgs.gov,Female,Business Development,Database Administrator I
426,Kliment,Fernandes,kfernandesbt@ask.com,Male,Research and Development,Assistant Media Planner
427,Deb,Ephgrave,dephgravebu@dot.gov,Female,Sales,Senior Quality Engineer
428,Rita,Totterdell,rtotterdellbv@fc2.com,Female,Product Management,Account Executive
429,Ernst,Jerrim,ejerrimbw@msn.com,Male,Engineering,Staff Accountant II
430,Emilee,Brozek,ebrozekbx@goodreads.com,Female,Product Management,Nuclear Power Engineer
431,Larissa,Coryndon,lcoryndonby@ted.com,Female,Training,Account Executive
432,Bail,Lujan,blujanbz@economist.com,Male,Accounting,Desktop Support Technician
433,Catharina,Brunesco,cbrunescoc0@t-online.de,Female,Product Management,Nurse
434,Ethan,Shadfourth,eshadfourthc1@t.co,Genderqueer,Legal,Community Outreach Specialist
435,Bobby,Oehm,boehmc2@marriott.com,Female,Accounting,Dental Hygienist
436,Archibald,Close,aclosec3@buzzfeed.com,Male,Human Resources,Director of Sales
437,Trip,Leddy,tleddyc4@engadget.com,Male,Business Development,Human Resources Assistant I
438,Son,Astlatt,sastlattc5@businessinsider.com,Male,Marketing,Engineer II
439,Gwendolen,Kippling,gkipplingc6@reddit.com,Female,Engineering,Paralegal
440,Alon,Screas,ascreasc7@i2i.jp,Male,Services,Tax Accountant
441,Riley,Gallard,rgallardc8@technorati.com,Polygender,Marketing,Analog Circuit Design manager
442,Roxine,Dodshun,rdodshunc9@godaddy.com,Female,Research and Development,Actuary
443,Nellie,Chadwin,nchadwinca@list-manage.com,Female,Human Resources,Programmer Analyst I
444,Maurice,Skahill,mskahillcb@europa.eu,Male,Marketing,Pharmacist
445,Tracey,Gulliman,tgullimancc@blogspot.com,Female,Support,Safety Technician I
446,Tucker,Mearns,tmearnscd@feedburner.com,Male,Business Development,Help Desk Technician
447,Skell,Benko,sbenkoce@ebay.com,Male,Training,Computer Systems Analyst I
448,Douglas,Lovejoy,dlovejoycf@linkedin.com,Male,Human Resources,VP Accounting
449,Farra,Tremathick,ftremathickcg@theglobeandmail.com,Female,Training,Administrative Officer
450,Tann,Dyka,tdykach@pbs.org,Male,Services,Chief Design Engineer
451,Fredia,Brunton,fbruntonci@opensource.org,Female,Engineering,Internal Auditor
452,Francois,Lilywhite,flilywhitecj@statcounter.com,Male,Product Management,Internal Auditor
453,Armand,Scholte,ascholteck@baidu.com,Male,Product Management,GIS Technical Architect
454,Karney,Ledington,kledingtoncl@csmonitor.com,Male,Engineering,Environmental Tech
455,Mariquilla,Fallon,mfalloncm@accuweather.com,Female,Sales,Administrative Officer
456,Meggie,Ciardo,mciardocn@hibu.com,Female,Training,Speech Pathologist
457,Bram,Ordemann,bordemannco@storify.com,Male,Support,Senior Cost Accountant
458,Mallissa,Schowenburg,mschowenburgcp@ucoz.com,Polygender,Research and Development,Marketing Manager
459,Duff,Thelwll,dthelwllcq@tripod.com,Male,Product Management,Tax Accountant
460,Ronda,Philippault,rphilippaultcr@ifeng.com,Female,Engineering,Senior Quality Engineer
461,Shelia,D'Hooghe,sdhooghecs@indiatimes.com,Female,Engineering,Tax Accountant
462,Leo,Di Franceschi,ldifranceschict@cargocollective.com,Male,Sales,Physical Therapy Assistant
463,Sharl,Beirne,sbeirnecu@cbslocal.com,Female,Research and Development,Software Consultant
464,Dene,Brahan,dbrahancv@answers.com,Male,Sales,Help Desk Operator
465,Jaquith,Cockney,jcockneycw@google.ca,Female,Business Development,Cost Accountant
466,Dallis,Tizard,dtizardcx@creativecommons.org,Male,Training,Speech Pathologist
467,Nicolas,Domleo,ndomleocy@deviantart.com,Male,Services,Executive Secretary
468,Edouard,Siney,esineycz@ucla.edu,Non-binary,Support,Marketing Manager
469,Sydel,Dowker,sdowkerd0@ovh.net,Genderfluid,Sales,Desktop Support Technician
470,Gustavus,Pitkaithly,gpitkaithlyd1@homestead.com,Male,Legal,Help Desk Operator
471,Pooh,Barense,pbarensed2@smugmug.com,Female,Marketing,Office Assistant II
472,Adolpho,Scragg,ascraggd3@multiply.com,Male,Business Development,Research Associate
473,Jervis,Proughten,jproughtend4@exblog.jp,Non-binary,Product Management,Human Resources Manager
474,Nanni,Brehaut,nbrehautd5@auda.org.au,Female,Engineering,Technical Writer
475,Pattie,Kisby,pkisbyd6@studiopress.com,Female,Sales,Physical Therapy Assistant
476,Amargo,Marsie,amarsied7@deviantart.com,Female,Legal,VP Marketing
477,Englebert,Ticehurst,eticehurstd8@symantec.com,Male,Marketing,Quality Engineer
478,Kaiser,Bowdon,kbowdond9@tumblr.com,Male,Engineering,Recruiter
479,Bonnibelle,Rounsefull,brounsefullda@seesaa.net,Female,Marketing,Safety Technician I
480,Kirby,Brugman,kbrugmandb@baidu.com,Female,Accounting,Pharmacist
481,Osborne,Rowson,orowsondc@mlb.com,Male,Product Management,Accounting Assistant III
482,Zara,Miell,zmielldd@e-recht24.de,Female,Product Management,Structural Engineer
483,Henderson,Bertome,hbertomede@livejournal.com,Male,Legal,Software Consultant
484,Barny,Husby,bhusbydf@ucoz.ru,Male,Product Management,Dental Hygienist
485,Angelo,Willowby,awillowbydg@nytimes.com,Male,Sales,Marketing Manager
486,Amanda,Northill,anorthilldh@blogtalkradio.com,Female,Marketing,VP Product Management
487,Mamie,Feely,mfeelydi@wikispaces.com,Female,Sales,Marketing Assistant
488,Orville,Forte,ofortedj@psu.edu,Bigender,Support,Senior Cost Accountant
489,Horatius,Petzold,hpetzolddk@ft.com,Male,Support,Recruiter
490,Andriana,Riall,arialldl@blinklist.com,Female,Marketing,Design Engineer
491,Nichole,Sharpley,nsharpleydm@yandex.ru,Male,Human Resources,Data Coordinator
492,Hamlen,Pavie,hpaviedn@jalbum.net,Male,Human Resources,Safety Technician IV
493,Patrice,Kinnoch,pkinnochdo@prnewswire.com,Female,Legal,Graphic Designer
494,Graham,Leale,glealedp@cnn.com,Male,Training,Recruiting Manager
495,Irwin,Dossit,idossitdq@wordpress.com,Male,Business Development,Media Manager I
496,Lancelot,Beak,lbeakdr@networksolutions.com,Male,Sales,Pharmacist
497,Fredrick,Loughlan,floughlands@123-reg.co.uk,Male,Business Development,Electrical Engineer
498,Elvera,Hanks,ehanksdt@zimbio.com,Female,Training,Sales Representative
499,Brigham,Lakey,blakeydu@meetup.com,Male,Training,Database Administrator IV
500,Sula,Niess,sniessdv@w3.org,Female,Legal,Help Desk Technician
501,Christiana,Longfellow,clongfellowdw@behance.net,Female,Marketing,Dental Hygienist
502,Kerwinn,Plunket,kplunketdx@photobucket.com,Agender,Legal,VP Product Management
503,Morrie,Baxstare,mbaxstaredy@google.nl,Male,Legal,Software Consultant
504,Carolynn,Suttaby,csuttabydz@macromedia.com,Female,Training,Programmer I
505,Meade,Hussell,mhusselle0@psu.edu,Male,Accounting,Junior Executive
506,Quintina,Apfelmann,qapfelmanne1@usda.gov,Female,Business Development,Human Resources Manager
507,Damara,Brikner,dbriknere2@cbsnews.com,Female,Business Development,Software Test Engineer IV
508,Lambert,Pollack,lpollacke3@salon.com,Male,Engineering,Senior Quality Engineer
509,Christin,Linnock,clinnocke4@spotify.com,Female,Human Resources,Environmental Tech
510,Mattheus,Deverill,mdeverille5@mashable.com,Male,Human Resources,Quality Engineer
511,Cornelle,Ormes,cormese6@jiathis.com,Female,Business Development,VP Sales
512,Gorden,Frill,gfrille7@sciencedaily.com,Male,Research and Development,Registered Nurse
513,Jazmin,Jeromson,jjeromsone8@meetup.com,Female,Services,Clinical Specialist
514,Nowell,Edie,nediee9@ow.ly,Male,Services,Sales Associate
515,Fabe,Wellard,fwellardea@google.pl,Male,Product Management,Administrative Assistant IV
516,Rayshell,Buckoke,rbuckokeeb@mtv.com,Female,Engineering,Teacher
517,Georas,Timeby,gtimebyec@imgur.com,Male,Business Development,Quality Control Specialist
518,Paige,Franca,pfrancaed@eepurl.com,Male,Legal,Design Engineer
519,Rianon,Lugden,rlugdenee@unesco.org,Female,Product Management,Sales Representative
520,Enriqueta,Dighton,edightonef@diigo.com,Female,Accounting,Occupational Therapist
521,Saul,Kob,skobeg@mozilla.org,Male,Accounting,Environmental Tech
522,Sherrie,Rattray,srattrayeh@canalblog.com,Female,Product Management,Data Coordinator
523,Aila,Immer,aimmerei@gizmodo.com,Female,Services,Software Test Engineer III
524,Maggy,Byatt,mbyattej@parallels.com,Female,Business Development,Help Desk Operator
525,Betta,Kinig,bkinigek@weibo.com,Bigender,Product Management,Community Outreach Specialist
526,Mariann,Caldeiro,mcaldeiroel@mozilla.com,Female,Sales,Marketing Assistant
527,Eadith,Dannatt,edannattem@google.fr,Female,Marketing,Accountant II
528,Deena,Jackalin,djackalinen@comsenz.com,Female,Product Management,Programmer Analyst II
529,Mariann,Monahan,mmonahaneo@blogtalkradio.com,Polygender,Services,Graphic Designer
530,Anna-maria,Stoddard,astoddardep@canalblog.com,Bigender,Training,Desktop Support Technician
531,Myrlene,Bickersteth,mbickerstetheq@scientificamerican.com,Female,Engineering,VP Marketing
532,Sarajane,Chaikovski,schaikovskier@netlog.com,Female,Support,Speech Pathologist
533,Devi,Cordrey,dcordreyes@msu.edu,Female,Support,Administrative Assistant III
534,Aldric,Sibley,asibleyet@blogger.com,Male,Legal,Software Engineer IV
535,Gustavo,Balffye,gbalffyeeu@shop-pro.jp,Male,Business Development,VP Product Management
536,Gert,Ellesworthe,gelleswortheev@trellian.com,Female,Services,VP Quality Control
537,Laurianne,Flisher,lflisherew@cyberchimps.com,Female,Services,Senior Quality Engineer
538,Kippy,Boman,kbomanex@mail.ru,Female,Services,Office Assistant II
539,Wendel,Faas,wfaasey@census.gov,Male,Human Resources,Senior Cost Accountant
540,Joelynn,Marcos,jmarcosez@hibu.com,Female,Human Resources,Nurse
541,Milty,Dell,mdellf0@twitter.com,Male,Research and Development,Geological Engineer
542,Brande,MacColl,bmaccollf1@digg.com,Female,Research and Development,Media Manager III
543,Anitra,Maciak,amaciakf2@stanford.edu,Female,Product Management,VP Marketing
544,Erminia,Gribbins,egribbinsf3@shop-pro.jp,Female,Services,Staff Scientist
545,Priscilla,Setter,psetterf4@cocolog-nifty.com,Female,Legal,Financial Analyst
546,Fidelio,McPhate,fmcphatef5@zdnet.com,Agender,Product Management,Accounting Assistant I
547,Any,Chaffen,achaffenf6@hhs.gov,Male,Business Development,Computer Systems Analyst IV
548,Eleanore,Swatheridge,eswatheridgef7@telegraph.co.uk,Female,Business Development,Structural Engineer
549,Corrina,Loins,cloinsf8@wikipedia.org,Female,Legal,Environmental Specialist
550,Robbie,Quarterman,rquartermanf9@discuz.net,Female,Sales,Analog Circuit Design manager
551,Doti,Paunsford,dpaunsfordfa@g.co,Female,Human Resources,Programmer III
552,Jesse,Simpson,jsimpsonfb@about.me,Male,Research and Development,VP Product Management
553,Cariotta,Hamber,chamberfc@sciencedaily.com,Female,Training,Systems Administrator IV
554,Natalya,Prozescky,nprozesckyfd@xinhuanet.com,Female,Business Development,Nurse
555,Rudiger,Drewson,rdrewsonfe@scientificamerican.com,Genderfluid,Services,Software Consultant
556,Lisbeth,Cheesworth,lcheesworthff@cpanel.net,Genderfluid,Business Development,Product Engineer
557,Marlane,Ciubutaro,mciubutarofg@instagram.com,Polygender,Engineering,Information Systems Manager
558,Bobina,Farge,bfargefh@mozilla.com,Female,Research and Development,Geologist II
559,Gregoor,Quail,gquailfi@zimbio.com,Male,Research and Development,Marketing Assistant
560,Ric,Blanpein,rblanpeinfj@csmonitor.com,Male,Services,Engineer II
561,Fabien,Gobeau,fgobeaufk@weibo.com,Male,Services,Senior Quality Engineer
562,Bel,Winram,bwinramfl@constantcontact.com,Genderqueer,Accounting,Marketing Assistant
563,Tabbatha,Dyster,tdysterfm@netscape.com,Female,Services,Compensation Analyst
564,Jay,Lisciandro,jlisciandrofn@walmart.com,Male,Accounting,Health Coach III
565,Edie,Glenny,eglennyfo@sitemeter.com,Female,Services,Environmental Tech
566,Hobey,Hargey,hhargeyfp@facebook.com,Male,Human Resources,Staff Scientist
567,Gnni,Prandini,gprandinifq@admin.ch,Female,Support,Nurse
568,Raoul,Iston,ristonfr@opensource.org,Male,Training,Software Engineer III
569,Toddie,Coston,tcostonfs@dropbox.com,Male,Legal,Senior Editor
570,Nero,Paunsford,npaunsfordft@domainmarket.com,Male,Training,Physical Therapy Assistant
571,Ed,Nancekivell,enancekivellfu@wunderground.com,Male,Sales,Health Coach II
572,Katha,Jeandet,kjeandetfv@xinhuanet.com,Female,Support,Accounting Assistant II
573,Drusilla,Swateridge,dswateridgefw@cocolog-nifty.com,Female,Training,Senior Financial Analyst
574,Clemmy,Cottell,ccottellfx@arstechnica.com,Female,Research and Development,Legal Assistant
575,Fabien,De Leek,fdeleekfy@home.pl,Male,Research and Development,Nuclear Power Engineer
576,Arv,MacLise,amaclisefz@fda.gov,Male,Business Development,Editor
577,Monika,Linny,mlinnyg0@twitpic.com,Female,Research and Development,Human Resources Manager
578,Gage,Coulsen,gcoulseng1@archive.org,Male,Services,Engineer III
579,Jeramey,Lapping,jlappingg2@hc360.com,Male,Services,Safety Technician I
580,Annelise,Risbridge,arisbridgeg3@tamu.edu,Female,Legal,Senior Cost Accountant
581,Tallulah,Kiessel,tkiesselg4@fc2.com,Female,Product Management,Payment Adjustment Coordinator
582,Jed,Krol,jkrolg5@scribd.com,Male,Services,Financial Analyst
583,Ailee,Rivard,arivardg6@squarespace.com,Female,Business Development,Software Consultant
584,Jami,Karolczyk,jkarolczykg7@ebay.co.uk,Female,Product Management,Media Manager III
585,Zitella,Gothrup,zgothrupg8@delicious.com,Female,Engineering,Civil Engineer
586,Desdemona,Blacklock,dblacklockg9@princeton.edu,Female,Human Resources,Executive Secretary
587,Madelaine,Smeuin,msmeuinga@hud.gov,Female,Training,Sales Representative
588,Husein,Ubee,hubeegb@pen.io,Male,Human Resources,Media Manager I
589,Rodge,Musson,rmussongc@cornell.edu,Male,Legal,Internal Auditor
590,Barris,Kalf,bkalfgd@163.com,Male,Business Development,Executive Secretary
591,Flo,Foy,ffoyge@nih.gov,Female,Engineering,Account Executive
592,Harlie,Selby,hselbygf@nationalgeographic.com,Female,Research and Development,Information Systems Manager
593,Penrod,Southern,psoutherngg@latimes.com,Male,Human Resources,Programmer Analyst II
594,Piper,Hallwell,phallwellgh@mashable.com,Female,Engineering,General Manager
595,Tore,Labet,tlabetgi@ycombinator.com,Male,Services,Senior Financial Analyst
596,Terrye,Linfoot,tlinfootgj@businesswire.com,Female,Support,Chemical Engineer
597,Orelle,Braycotton,obraycottongk@prweb.com,Female,Engineering,Director of Sales
598,Ange,Goodfellowe,agoodfellowegl@google.fr,Male,Sales,Office Assistant III
599,Waverley,Pinchon,wpinchongm@meetup.com,Bigender,Product Management,Electrical Engineer
600,Franz,Northall,fnorthallgn@skype.com,Genderfluid,Business Development,Senior Cost Accountant
601,Nicolai,Dullard,ndullardgo@nature.com,Male,Research and Development,Social Worker
602,Wallas,O'Caine,wocainegp@stumbleupon.com,Male,Research and Development,Analyst Programmer
603,Kristopher,Nevin,knevingq@hao123.com,Male,Human Resources,VP Marketing
604,Baillie,Bellringer,bbellringergr@wikispaces.com,Male,Human Resources,Compensation Analyst
605,Rowe,Ibell,ribellgs@tamu.edu,Female,Marketing,Developer II
606,Glynda,Shill,gshillgt@thetimes.co.uk,Female,Training,Actuary
607,Grenville,Rouby,groubygu@symantec.com,Male,Human Resources,Chemical Engineer
608,Rori,Sallowaye,rsallowayegv@homestead.com,Female,Services,Senior Editor
609,Aimil,Ragborne,aragbornegw@issuu.com,Female,Accounting,Senior Financial Analyst
610,Towney,Hort,thortgx@tumblr.com,Male,Support,Assistant Media Planner
611,Rosella,Pooke,rpookegy@amazon.co.uk,Female,Product Management,Legal Assistant
612,Toinette,Rosenstengel,trosenstengelgz@ft.com,Female,Marketing,Paralegal
613,Clem,Kernermann,ckernermannh0@is.gd,Female,Product Management,Electrical Engineer
614,Kristoffer,Wooffinden,kwooffindenh1@studiopress.com,Male,Marketing,Environmental Tech
615,Gawain,Adriano,gadrianoh2@smh.com.au,Male,Training,Assistant Manager
616,Rustie,Fullegar,rfullegarh3@ca.gov,Male,Legal,Marketing Assistant
617,Bettine,Starton,bstartonh4@phpbb.com,Female,Human Resources,Structural Analysis Engineer
618,Constancia,Troke,ctrokeh5@myspace.com,Female,Product Management,Recruiter
619,Burnard,Puckham,bpuckhamh6@apache.org,Male,Human Resources,Assistant Media Planner
620,Frederique,Patzelt,fpatzelth7@ox.ac.uk,Non-binary,Services,Community Outreach Specialist
621,Veriee,Menault,vmenaulth8@dropbox.com,Genderfluid,Training,Food Chemist
622,Thorstein,Matthessen,tmatthessenh9@liveinternet.ru,Male,Services,Human Resources Assistant III
623,Lilias,Lownie,llownieha@si.edu,Female,Marketing,Office Assistant IV
624,Niccolo,Markushkin,nmarkushkinhb@cisco.com,Male,Marketing,Accountant II
625,Wilhelm,Tranfield,wtranfieldhc@biglobe.ne.jp,Male,Sales,Senior Financial Analyst
626,Frasco,Camel,fcamelhd@google.cn,Male,Sales,Product Engineer
627,Douglas,Kristof,dkristofhe@fda.gov,Male,Business Development,Biostatistician III
628,Marilee,Pretsell,mpretsellhf@lulu.com,Female,Legal,Account Executive
629,Denice,Gyves,dgyveshg@accuweather.com,Female,Accounting,Web Designer I
630,Morry,Harries,mharrieshh@hhs.gov,Male,Marketing,Research Assistant II
631,Emera,Burtwhistle,eburtwhistlehi@arstechnica.com,Female,Accounting,Civil Engineer
632,Isidora,Riseam,iriseamhj@naver.com,Female,Research and Development,Quality Control Specialist
633,Pyotr,Paler,ppalerhk@ocn.ne.jp,Male,Research and Development,Marketing Assistant
634,Vivianne,Pietersma,vpietersmahl@privacy.gov.au,Female,Services,Assistant Media Planner
635,Fedora,Ferrers,fferrershm@mtv.com,Female,Product Management,Help Desk Operator
636,Crissy,Skivington,cskivingtonhn@yelp.com,Female,Research and Development,Geological Engineer
637,Tatiania,Keener,tkeenerho@homestead.com,Female,Business Development,Legal Assistant
638,Rogers,Grotty,rgrottyhp@weibo.com,Male,Legal,Electrical Engineer
639,Robbert,Glyn,rglynhq@histats.com,Male,Support,Software Consultant
640,Jackie,Boule,jboulehr@army.mil,Female,Marketing,Geological Engineer
641,Lewiss,Bischof,lbischofhs@mtv.com,Genderqueer,Accounting,Software Consultant
642,Elfrida,Topling,etoplinght@unicef.org,Female,Support,VP Product Management
643,Karmen,Burkart,kburkarthu@issuu.com,Female,Marketing,Accountant III
644,Ignaz,Gommes,igommeshv@google.pl,Male,Legal,Automation Specialist III
645,Paten,Bosson,pbossonhw@wix.com,Male,Human Resources,Chemical Engineer
646,Bessy,Spikins,bspikinshx@t-online.de,Female,Engineering,Programmer Analyst I
647,Piotr,Kenninghan,pkenninghanhy@whitehouse.gov,Male,Training,Staff Scientist
648,Sampson,Bouette,sbouettehz@friendfeed.com,Male,Product Management,Civil Engineer
649,Fair,Vaughn,fvaughni0@ca.gov,Male,Training,Sales Associate
650,Candra,Glaze,cglazei1@dion.ne.jp,Genderfluid,Support,Programmer Analyst IV
651,Carleen,Climson,cclimsoni2@sun.com,Genderqueer,Services,Administrative Officer
652,Emalee,Greest,egreesti3@mozilla.com,Female,Product Management,Research Nurse
653,Hedwig,Fockes,hfockesi4@yellowpages.com,Female,Accounting,VP Accounting
654,Conway,Osgodby,cosgodbyi5@bbb.org,Male,Marketing,Media Manager I
655,Clive,Wraight,cwraighti6@booking.com,Male,Legal,Tax Accountant
656,Heath,Becaris,hbecarisi7@instagram.com,Polygender,Training,Engineer IV
657,Eberhard,Sedgefield,esedgefieldi8@redcross.org,Male,Services,Office Assistant II
658,Vic,Coombs,vcoombsi9@who.int,Male,Business Development,Statistician IV
659,Cahra,Peealess,cpeealessia@ebay.com,Female,Research and Development,VP Marketing
660,Doro,Tibols,dtibolsib@miitbeian.gov.cn,Female,Support,Pharmacist
661,Yule,Jaggi,yjaggiic@soup.io,Male,Product Management,Budget/Accounting Analyst III
662,Damiano,Maidlow,dmaidlowid@t-online.de,Male,Human Resources,Research Nurse
663,Dierdre,Matyas,dmatyasie@issuu.com,Female,Services,Research Assistant III
664,Dusty,Harwick,dharwickif@omniture.com,Female,Human Resources,Assistant Media Planner
665,Ronalda,Braidley,rbraidleyig@xrea.com,Female,Support,Information Systems Manager
666,Gunar,Brosnan,gbrosnanih@archive.org,Polygender,Marketing,Senior Quality Engineer
667,Gun,McGovern,gmcgovernii@washingtonpost.com,Male,Human Resources,Nurse
668,Maxy,Moule,mmouleij@angelfire.com,Bigender,Support,Account Executive
669,Adeline,Froggatt,afroggattik@redcross.org,Genderfluid,Support,Help Desk Technician
670,Bone,Bebbington,bbebbingtonil@simplemachines.org,Male,Marketing,Actuary
671,Karil,Moffat,kmoffatim@time.com,Female,Training,Physical Therapy Assistant
672,Olivier,Sebley,osebleyin@google.cn,Male,Legal,Financial Advisor
673,Arvy,Murrells,amurrellsio@imageshack.us,Male,Sales,Junior Executive
674,Benito,Judron,bjudronip@seattletimes.com,Genderfluid,Business Development,Environmental Tech
675,Leodora,Cannings,lcanningsiq@1688.com,Female,Human Resources,GIS Technical Architect
676,Lynea,Thandi,lthandiir@prnewswire.com,Female,Engineering,Staff Scientist
677,Nonna,Althrope,nalthropeis@shutterfly.com,Female,Research and Development,Software Engineer I
678,Towney,Caramuscia,tcaramusciait@ucsd.edu,Male,Research and Development,Programmer III
679,Earvin,Ades,eadesiu@cnn.com,Male,Accounting,Assistant Media Planner
680,Amberly,Westoll,awestolliv@google.pl,Female,Training,Desktop Support Technician
681,Floyd,Maharg,fmahargiw@scribd.com,Male,Marketing,Technical Writer
682,Cookie,Ceyssen,cceyssenix@themeforest.net,Female,Accounting,Project Manager
683,Jere,Buckley,jbuckleyiy@amazon.co.uk,Female,Product Management,Accountant III
684,Florie,Rodda,froddaiz@about.me,Bigender,Product Management,Compensation Analyst
685,Dasha,Westoff,dwestoffj0@is.gd,Female,Sales,Account Executive
686,Korrie,Skitteral,kskitteralj1@pinterest.com,Female,Accounting,Associate Professor
687,Maddy,Wheldon,mwheldonj2@seesaa.net,Male,Marketing,Graphic Designer
688,Teodoor,Pegram,tpegramj3@tamu.edu,Male,Accounting,VP Marketing
689,Garvin,Teague,gteaguej4@wunderground.com,Male,Training,Office Assistant II
690,Frankie,Prattington,fprattingtonj5@nydailynews.com,Male,Sales,Chief Design Engineer
691,Neilla,Luesley,nluesleyj6@paypal.com,Female,Legal,Nurse Practicioner
692,Lynn,Decreuze,ldecreuzej7@indiatimes.com,Female,Research and Development,Pharmacist
693,Claudian,Litton,clittonj8@wunderground.com,Genderqueer,Human Resources,Statistician IV
694,Beryl,Dunkerley,bdunkerleyj9@yandex.ru,Female,Services,Office Assistant III
695,Quincey,Rickerby,qrickerbyja@multiply.com,Male,Business Development,Quality Engineer
696,Gaston,Harrower,gharrowerjb@geocities.jp,Male,Support,Geological Engineer
697,Eugen,Bulcroft,ebulcroftjc@nasa.gov,Male,Business Development,Teacher
698,Carrissa,Jerram,cjerramjd@home.pl,Female,Research and Development,Occupational Therapist
699,Heath,Cheetam,hcheetamje@ca.gov,Agender,Training,Civil Engineer
700,Bartlet,Doerffer,bdoerfferjf@istockphoto.com,Male,Marketing,Statistician III
701,Rafaello,Olcot,rolcotjg@arstechnica.com,Male,Support,Account Executive
702,Sheree,Tarney,starneyjh@smugmug.com,Female,Business Development,VP Accounting
703,Luce,Schiefersten,lschieferstenji@usa.gov,Male,Services,Pharmacist
704,Darcie,Blenkin,dblenkinjj@feedburner.com,Female,Human Resources,Technical Writer
705,Forest,Caban,fcabanjk@scribd.com,Male,Training,Mechanical Systems Engineer
706,Terence,Varnes,tvarnesjl@netvibes.com,Male,Engineering,Information Systems Manager
707,Edna,McFadyen,emcfadyenjm@gizmodo.com,Female,Human Resources,Database Administrator III
708,Francisco,Greener,fgreenerjn@miitbeian.gov.cn,Male,Business Development,Staff Scientist
709,Sherri,Mutter,smutterjo@homestead.com,Non-binary,Marketing,Assistant Manager
710,Desi,Wyborn,dwybornjp@globo.com,Male,Business Development,Nurse
711,Didi,Saing,dsaingjq@wikipedia.org,Female,Product Management,Nurse
712,Demetria,Samways,dsamwaysjr@stanford.edu,Female,Legal,Marketing Manager
713,Fernandina,Baggiani,fbaggianijs@cbc.ca,Female,Business Development,Dental Hygienist
714,Delilah,Crouse,dcrousejt@netvibes.com,Female,Sales,Database Administrator IV
715,Cam,Ganny,cgannyju@home.pl,Male,Sales,Recruiter
716,Donnamarie,Satterly,dsatterlyjv@printfriendly.com,Female,Training,Associate Professor
717,Diego,Gollop,dgollopjw@google.com.hk,Male,Human Resources,Chief Design Engineer
718,Marty,Nutbeem,mnutbeemjx@senate.gov,Male,Human Resources,Senior Cost Accountant
719,Jillie,Want,jwantjy@howstuffworks.com,Female,Product Management,Senior Financial Analyst
720,Stacee,Lermouth,slermouthjz@eventbrite.com,Male,Accounting,Recruiter
721,Ingmar,Rookledge,irookledgek0@phoca.cz,Male,Marketing,Desktop Support Technician
722,Perry,Murden,pmurdenk1@squidoo.com,Polygender,Accounting,Statistician IV
723,Shena,Officer,sofficerk2@wikispaces.com,Female,Marketing,Analyst Programmer
724,Aurthur,Muscat,amuscatk3@skype.com,Male,Support,Safety Technician I
725,Leonie,Auletta,laulettak4@multiply.com,Female,Business Development,Registered Nurse
726,Arda,Kesteven,akestevenk5@taobao.com,Female,Support,Physical Therapy Assistant
727,Marlene,Bloodworthe,mbloodworthek6@xinhuanet.com,Female,Human Resources,Environmental Specialist
728,Kevyn,Gregoraci,kgregoracik7@biblegateway.com,Genderqueer,Legal,Structural Analysis Engineer
729,Briggs,Spores,bsporesk8@taobao.com,Male,Research and Development,Executive Secretary
730,Mayer,Doumer,mdoumerk9@blinklist.com,Male,Product Management,Research Nurse
731,Storm,Scopyn,sscopynka@slashdot.org,Female,Services,VP Quality Control
732,Freida,Jagels,fjagelskb@cbc.ca,Female,Product Management,Systems Administrator I
733,Fallon,Tildesley,ftildesleykc@bbb.org,Female,Product Management,Teacher
734,Sibel,Narrie,snarriekd@huffingtonpost.com,Female,Business Development,Structural Analysis Engineer
735,Kerry,Arlett,karlettke@abc.net.au,Female,Marketing,Biostatistician I
736,Jordan,Milberry,jmilberrykf@netvibes.com,Male,Business Development,Automation Specialist III
737,Sterling,Ingry,singrykg@latimes.com,Male,Engineering,Quality Engineer
738,Ashleigh,Grunnell,agrunnellkh@blogs.com,Female,Marketing,Graphic Designer
739,Sheelagh,Stanett,sstanettki@chron.com,Female,Research and Development,Account Representative IV
740,Freida,Di Gregorio,fdigregoriokj@mayoclinic.com,Female,Product Management,Dental Hygienist
741,Gardie,Blumson,gblumsonkk@patch.com,Male,Training,Human Resources Manager
742,Lutero,Robens,lrobenskl@cloudflare.com,Male,Marketing,Tax Accountant
743,Fionnula,Cardall,fcardallkm@chron.com,Female,Research and Development,Programmer IV
744,Khalil,Byatt,kbyattkn@bigcartel.com,Male,Research and Development,Legal Assistant
745,Devin,Simyson,dsimysonko@vistaprint.com,Male,Services,Technical Writer
746,Priscilla,Lilion,plilionkp@slideshare.net,Genderqueer,Product Management,Civil Engineer
747,Mikael,Byass,mbyasskq@msn.com,Male,Marketing,GIS Technical Architect
748,Monika,Stannus,mstannuskr@mac.com,Genderqueer,Product Management,Librarian
749,Michael,Mars,mmarsks@fda.gov,Male,Services,Developer IV
750,Corenda,Eyer,ceyerkt@bloglines.com,Female,Human Resources,Community Outreach Specialist
751,Gale,Shapera,gshaperaku@i2i.jp,Female,Accounting,Payment Adjustment Coordinator
752,Alexa,Knipe,aknipekv@last.fm,Female,Engineering,Senior Financial Analyst
753,Stern,Eldershaw,seldershawkw@toplist.cz,Male,Support,Pharmacist
754,Haley,Bandy,hbandykx@wikipedia.org,Male,Training,Administrative Assistant IV
755,Sharon,Stott,sstottky@cnn.com,Female,Support,Compensation Analyst
756,Honor,Heinssen,hheinssenkz@prnewswire.com,Female,Accounting,Structural Analysis Engineer
757,Blake,Clubb,bclubbl0@altervista.org,Female,Business Development,Legal Assistant
758,Rosabelle,Croisdall,rcroisdalll1@theglobeandmail.com,Agender,Sales,Recruiting Manager
759,Charmine,Gorthy,cgorthyl2@chronoengine.com,Female,Services,Financial Advisor
760,Veda,Gherardi,vgherardil3@webs.com,Female,Services,Social Worker
761,Alessandra,Gathercoal,agathercoall4@domainmarket.com,Female,Marketing,VP Quality Control
762,Katharina,Dundredge,kdundredgel5@virginia.edu,Female,Marketing,GIS Technical Architect
763,Ernestine,Hutchin,ehutchinl6@360.cn,Bigender,Legal,Staff Accountant II
764,Craggy,Von Oertzen,cvonoertzenl7@slashdot.org,Male,Support,Geologist II
765,Sabina,Gripton,sgriptonl8@mayoclinic.com,Female,Business Development,Help Desk Operator
766,Brandtr,Calderonello,bcalderonellol9@discuz.net,Male,Business Development,Research Nurse
767,Gardener,Betterton,gbettertonla@slashdot.org,Male,Product Management,Research Associate
768,Gabbey,Hallybone,ghallybonelb@shutterfly.com,Female,Product Management,Electrical Engineer
769,Charlean,Spurdens,cspurdenslc@so-net.ne.jp,Female,Accounting,Graphic Designer
770,Neely,Swannie,nswannield@wikispaces.com,Non-binary,Human Resources,Electrical Engineer
771,Kerianne,Braunfeld,kbraunfeldle@about.me,Agender,Engineering,Media Manager IV
772,Jeth,Pallas,jpallaslf@prnewswire.com,Male,Support,Financial Analyst
773,Michael,Roullier,mroullierlg@jugem.jp,Male,Research and Development,Community Outreach Specialist
774,Viviana,Sharman,vsharmanlh@biglobe.ne.jp,Female,Research and Development,Graphic Designer
775,Ardenia,Negus,anegusli@hostgator.com,Female,Services,Account Coordinator
776,Shaina,Axelbey,saxelbeylj@ameblo.jp,Female,Human Resources,Analyst Programmer
777,Dorothea,Witchalls,dwitchallslk@icio.us,Female,Human Resources,Budget/Accounting Analyst I
778,Torrence,Shiers,tshiersll@shutterfly.com,Male,Support,Safety Technician II
779,Harcourt,Inkster,hinksterlm@hubpages.com,Male,Accounting,Safety Technician III
780,Dorri,Ryall,dryallln@walmart.com,Female,Human Resources,Registered Nurse
781,Oralia,Manketell,omanketelllo@addtoany.com,Female,Sales,Design Engineer
782,Jackson,Bloy,jbloylp@vk.com,Male,Legal,Nurse Practicioner
783,Flossy,Strangeways,fstrangewayslq@netlog.com,Agender,Support,Design Engineer
784,Sander,Shearmur,sshearmurlr@ifeng.com,Genderqueer,Legal,Paralegal
785,Ryann,Seamon,rseamonls@typepad.com,Female,Accounting,Human Resources Manager
786,Nickie,Tesmond,ntesmondlt@exblog.jp,Male,Research and Development,Human Resources Manager
787,Kerby,Johnston,kjohnstonlu@google.pl,Bigender,Accounting,Legal Assistant
788,Mozelle,Alpe,malpelv@blogtalkradio.com,Female,Human Resources,Senior Editor
789,Winifred,Hagley,whagleylw@va.gov,Female,Accounting,Developer III
790,Bram,Chattock,bchattocklx@posterous.com,Male,Business Development,Sales Associate
791,Quillan,MacGiany,qmacgianyly@ibm.com,Male,Engineering,Staff Accountant III
792,Pauletta,Rudland,prudlandlz@icq.com,Female,Business Development,Programmer Analyst III
793,Adolphe,Bradburn,abradburnm0@ucla.edu,Male,Support,Developer II
794,Page,Laxe,plaxem1@craigslist.org,Female,Engineering,Senior Editor
795,Andie,de Clerc,adeclercm2@wikispaces.com,Polygender,Support,Senior Quality Engineer
796,Willyt,Dansken,wdanskenm3@yale.edu,Female,Support,Financial Advisor
797,Truman,Batchley,tbatchleym4@blog.com,Male,Support,Accountant I
798,Taddeusz,Danilevich,tdanilevichm5@tumblr.com,Male,Marketing,Computer Systems Analyst II
799,Berkly,Wychard,bwychardm6@marketwatch.com,Male,Marketing,Account Representative I
800,Guy,Reder,grederm7@skype.com,Male,Accounting,Tax Accountant
801,Dniren,Bulluck,dbulluckm8@scientificamerican.com,Female,Training,Internal Auditor
802,Kirby,Phelipeaux,kphelipeauxm9@kickstarter.com,Male,Product Management,Registered Nurse
803,Brigham,Girardi,bgirardima@google.co.uk,Male,Research and Development,Media Manager II
804,Harris,Flanne,hflannemb@surveymonkey.com,Male,Business Development,Executive Secretary
805,Stan,Romanet,sromanetmc@vinaora.com,Male,Services,Professor
806,Si,Gilcriest,sgilcriestmd@shareasale.com,Male,Training,VP Sales
807,Letitia,MacGoun,lmacgounme@discovery.com,Female,Product Management,Recruiter
808,Stillman,Paul,spaulmf@opensource.org,Male,Sales,Budget/Accounting Analyst I
809,Kirsten,Corselles,kcorsellesmg@angelfire.com,Female,Research and Development,VP Marketing
810,Eleanore,Boate,eboatemh@boston.com,Female,Services,Speech Pathologist
811,Adore,Hinckesman,ahinckesmanmi@tuttocitta.it,Female,Human Resources,Financial Advisor
812,Zack,Ricardo,zricardomj@typepad.com,Male,Research and Development,Legal Assistant
813,Evyn,Alessandrelli,ealessandrellimk@comcast.net,Male,Training,Senior Developer
814,Gloriana,Slafford,gslaffordml@google.nl,Female,Business Development,Senior Cost Accountant
815,Raeann,Rothwell,rrothwellmm@sakura.ne.jp,Bigender,Sales,Help Desk Operator
816,Sebastian,Labitt,slabittmn@reuters.com,Male,Research and Development,Web Designer II
817,Niki,Curado,ncuradomo@hugedomains.com,Genderfluid,Legal,Senior Cost Accountant
818,Phineas,O'Keefe,pokeefemp@soundcloud.com,Male,Engineering,Professor
819,Abigail,Beaman,abeamanmq@jalbum.net,Female,Support,Geologist IV
820,Constantine,Crosetti,ccrosettimr@oakley.com,Male,Training,Environmental Specialist
821,Virgie,Evensden,vevensdenms@xinhuanet.com,Female,Human Resources,Administrative Assistant II
822,Homerus,Ishak,hishakmt@is.gd,Male,Research and Development,Programmer Analyst IV
823,Aleda,Tillman,atillmanmu@e-recht24.de,Female,Legal,Assistant Media Planner
824,Gates,Peddel,gpeddelmv@businesswire.com,Female,Legal,Executive Secretary
825,Bobette,Zambonini,bzamboninimw@unesco.org,Female,Marketing,Developer III
826,Fiann,Ketteridge,fketteridgemx@squidoo.com,Female,Sales,Recruiter
827,Chad,Tims,ctimsmy@tinyurl.com,Male,Product Management,Web Developer IV
828,Jdavie,Rossborough,jrossboroughmz@w3.org,Male,Engineering,Nuclear Power Engineer
829,Estel,Blakelock,eblakelockn0@opensource.org,Female,Human Resources,Actuary
830,Muffin,Boulden,mbouldenn1@constantcontact.com,Male,Human Resources,Help Desk Technician
831,Eadie,Sherlock,esherlockn2@umich.edu,Female,Marketing,Financial Advisor
832,Carley,Bains,cbainsn3@whitehouse.gov,Female,Human Resources,Assistant Manager
833,Quentin,Guinnane,qguinnanen4@chicagotribune.com,Male,Services,VP Product Management
834,Margot,Lawless,mlawlessn5@whitehouse.gov,Female,Support,Quality Control Specialist
835,Maud,Askew,maskewn6@prlog.org,Female,Research and Development,Account Representative IV
836,Dunn,Offin,doffinn7@china.com.cn,Polygender,Support,Health Coach II
837,Adelina,Snooks,asnooksn8@toplist.cz,Female,Legal,Help Desk Operator
838,Belicia,Grace,bgracen9@google.es,Female,Legal,VP Sales
839,Wilhelmine,Westnedge,wwestnedgena@flickr.com,Female,Services,Sales Associate
840,Belicia,Starzaker,bstarzakernb@utexas.edu,Female,Business Development,Environmental Tech
841,Petr,Kemet,pkemetnc@google.pl,Male,Research and Development,Web Designer III
842,Myrah,Craster,mcrasternd@mozilla.com,Female,Services,Help Desk Operator
843,Wendell,Crowley,wcrowleyne@1688.com,Male,Business Development,Financial Advisor
844,Marietta,Thorndale,mthorndalenf@reuters.com,Female,Business Development,Environmental Tech
845,Hartley,Gribbell,hgribbellng@chicagotribune.com,Male,Engineering,Graphic Designer
846,Sissie,Feltoe,sfeltoenh@a8.net,Female,Training,Occupational Therapist
847,Daniele,Clemett,dclemettni@nba.com,Bigender,Research and Development,Biostatistician IV
848,Reinwald,Taggert,rtaggertnj@yahoo.co.jp,Male,Marketing,GIS Technical Architect
849,Kelby,Mingo,kmingonk@independent.co.uk,Male,Sales,Information Systems Manager
850,Bancroft,Skilling,bskillingnl@spiegel.de,Male,Training,Compensation Analyst
851,Lief,Whittock,lwhittocknm@issuu.com,Male,Sales,Graphic Designer
852,Amby,Rusted,arustednn@dion.ne.jp,Male,Accounting,Help Desk Technician
853,Worth,Tabourier,wtabourierno@prlog.org,Male,Product Management,Nurse
854,Olivette,Lemonby,olemonbynp@sourceforge.net,Female,Marketing,Analyst Programmer
855,Demetris,Bonifacio,dbonifacionq@sbwire.com,Male,Engineering,Paralegal
856,Cozmo,Spelwood,cspelwoodnr@topsy.com,Male,Product Management,Design Engineer
857,Raine,Raitt,rraittns@51.la,Female,Business Development,Research Assistant III
858,Gerick,Ratcliff,gratcliffnt@typepad.com,Male,Marketing,Engineer II
859,Herculie,Ealles,heallesnu@goodreads.com,Male,Training,Actuary
860,Kent,Esberger,kesbergernv@simplemachines.org,Male,Engineering,Web Developer II
861,Ginni,Haensel,ghaenselnw@un.org,Female,Business Development,Product Engineer
862,Tamqrah,Noquet,tnoquetnx@ucoz.ru,Female,Sales,Data Coordinator
863,Bob,Ferrero,bferrerony@naver.com,Male,Product Management,Information Systems Manager
864,Loni,Prinn,lprinnnz@dagondesign.com,Female,Engineering,Financial Advisor
865,Rik,Laimable,rlaimableo0@unicef.org,Male,Training,Pharmacist
866,Tybie,Gier,tgiero1@yellowbook.com,Female,Engineering,Statistician II
867,Mariel,Bridges,mbridgeso2@omniture.com,Female,Services,Senior Developer
868,Rollo,Bugbee,rbugbeeo3@wikispaces.com,Male,Services,Human Resources Manager
869,Paulita,Arondel,parondelo4@timesonline.co.uk,Female,Business Development,Statistician I
870,Cristina,Geist,cgeisto5@latimes.com,Female,Sales,Recruiting Manager
871,Dennet,Cremen,dcremeno6@reuters.com,Male,Human Resources,Staff Scientist
872,Cicely,Maughan,cmaughano7@webnode.com,Female,Services,Sales Associate
873,Jerad,Getcliff,jgetcliffo8@kickstarter.com,Male,Services,Registered Nurse
874,Rorie,Cawthera,rcawtherao9@constantcontact.com,Female,Research and Development,Geological Engineer
875,Queenie,Pickard,qpickardoa@adobe.com,Female,Services,Nurse Practicioner
876,Eustace,Buffey,ebuffeyob@archive.org,Male,Training,Human Resources Assistant IV
877,Carolina,Daymond,cdaymondoc@live.com,Female,Product Management,Senior Financial Analyst
878,Miquela,D'Onisi,mdonisiod@mapy.cz,Female,Support,Speech Pathologist
879,Keelby,Showt,kshowtoe@elpais.com,Male,Legal,Senior Editor
880,Frayda,Seel,fseelof@edublogs.org,Female,Research and Development,General Manager
881,Siffre,Kindley,skindleyog@elpais.com,Male,Business Development,Actuary
882,Claudetta,Jochen,cjochenoh@icq.com,Female,Accounting,Data Coordinator
883,Marci,Shannon,mshannonoi@xinhuanet.com,Female,Sales,Assistant Media Planner
884,Lazaro,Jakubowski,ljakubowskioj@europa.eu,Male,Training,Graphic Designer
885,Larissa,Dummer,ldummerok@miitbeian.gov.cn,Female,Sales,VP Accounting
886,Risa,Pagelsen,rpagelsenol@ifeng.com,Female,Training,Engineer I
887,Mack,Rodder,mrodderom@ebay.co.uk,Male,Research and Development,Engineer IV
888,Marcelia,Canty,mcantyon@sciencedirect.com,Female,Services,Programmer I
889,Deerdre,Speaks,dspeaksoo@bizjournals.com,Female,Support,Help Desk Operator
890,Inga,McNabb,imcnabbop@phoca.cz,Female,Accounting,Electrical Engineer
891,Gabriel,McPhillimey,gmcphillimeyoq@cocolog-nifty.com,Female,Training,Sales Associate
892,Harper,De la Eglise,hdelaegliseor@topsy.com,Male,Business Development,Senior Cost Accountant
893,Giovanna,Grishinov,ggrishinovos@zimbio.com,Female,Services,Senior Developer
894,Lyell,Ricarde,lricardeot@ocn.ne.jp,Male,Training,Geological Engineer
895,Sarene,Anthonies,santhoniesou@jalbum.net,Female,Sales,Pharmacist
896,Olivette,Ackermann,oackermannov@nbcnews.com,Female,Services,Technical Writer
897,Nikos,Bilyard,nbilyardow@elegantthemes.com,Male,Marketing,Analog Circuit Design manager
898,Maurene,Gadault,mgadaultox@newyorker.com,Female,Business Development,Librarian
899,Gaylene,Petchell,gpetchelloy@w3.org,Female,Engineering,Senior Developer
900,Josee,Simonson,jsimonsonoz@addtoany.com,Genderqueer,Training,Financial Advisor
901,Giulio,Cockle,gcocklep0@bloglovin.com,Male,Business Development,Software Engineer II
902,Tim,Lapham,tlaphamp1@bbb.org,Female,Human Resources,Data Coordinator
903,Eugen,Bowton,ebowtonp2@gizmodo.com,Male,Human Resources,Accounting Assistant I
904,Arluene,Ormiston,aormistonp3@wiley.com,Female,Marketing,Financial Analyst
905,Verile,Bleibaum,vbleibaump4@omniture.com,Female,Human Resources,Computer Systems Analyst III
906,Tiff,Viollet,tviolletp5@businesswire.com,Female,Business Development,Nurse Practicioner
907,Berkie,Vurley,bvurleyp6@npr.org,Male,Legal,Financial Analyst
908,Matelda,MacGorman,mmacgormanp7@blog.com,Female,Support,Marketing Manager
909,Almeta,Larose,alarosep8@opera.com,Female,Research and Development,VP Product Management
910,Shirl,Amery,sameryp9@gravatar.com,Female,Services,Administrative Officer
911,Georg,Ivatts,givattspa@apache.org,Male,Research and Development,Data Coordinator
912,Nerita,Pointin,npointinpb@reference.com,Female,Business Development,Engineer II
913,Damaris,Gammon,dgammonpc@google.ru,Female,Sales,VP Product Management
914,Arlin,Broschek,abroschekpd@statcounter.com,Male,Product Management,Assistant Manager
915,Ashien,Toffaloni,atoffalonipe@smh.com.au,Female,Human Resources,Programmer Analyst II
916,Dominga,Crowdace,dcrowdacepf@clickbank.net,Female,Support,Civil Engineer
917,Fran,Shillaker,fshillakerpg@bloglovin.com,Male,Support,Marketing Manager
918,Tate,Bartoshevich,tbartoshevichph@phoca.cz,Female,Marketing,Statistician III
919,Merilee,Ludwig,mludwigpi@phoca.cz,Female,Support,Civil Engineer
920,Killie,Ajam,kajampj@economist.com,Male,Accounting,Geologist II
921,Keary,Perfitt,kperfittpk@google.de,Male,Business Development,Electrical Engineer
922,Lainey,Roslen,lroslenpl@tmall.com,Female,Marketing,Compensation Analyst
923,Dania,Ollerhad,dollerhadpm@admin.ch,Female,Accounting,Media Manager II
924,Boycey,Gowans,bgowanspn@fc2.com,Male,Training,Senior Cost Accountant
925,Roz,Luebbert,rluebbertpo@patch.com,Female,Services,Food Chemist
926,Lexine,Moggie,lmoggiepp@amazon.co.jp,Female,Human Resources,Senior Sales Associate
927,Mallory,Reidie,mreidiepq@shop-pro.jp,Female,Services,Office Assistant III
928,Howie,Lambkin,hlambkinpr@feedburner.com,Male,Business Development,Web Developer I
929,Hector,Van der Beken,hvanderbekenps@typepad.com,Male,Support,Environmental Tech
930,Perice,Boydle,pboydlept@netvibes.com,Male,Product Management,Staff Scientist
931,Margaretha,Tace,mtacepu@quantcast.com,Female,Marketing,Civil Engineer
932,Emerson,McRobb,emcrobbpv@rambler.ru,Male,Research and Development,Administrative Assistant III
933,Carleton,Richen,crichenpw@paginegialle.it,Male,Research and Development,Internal Auditor
934,Steve,Litzmann,slitzmannpx@dyndns.org,Male,Support,Media Manager I
935,Sigfrid,Furse,sfursepy@pbs.org,Male,Support,Desktop Support Technician
936,Leontine,McPhelimey,lmcphelimeypz@scribd.com,Female,Business Development,Engineer III
937,Frannie,Plevey,fpleveyq0@mozilla.org,Male,Accounting,Programmer Analyst II
938,Jessalyn,Syde,jsydeq1@java.com,Female,Training,Marketing Assistant
939,Sherie,Sprull,ssprullq2@businesswire.com,Female,Human Resources,Computer Systems Analyst II
940,Rochester,Basnall,rbasnallq3@jigsy.com,Male,Research and Development,Product Engineer
941,Reinaldo,Flea,rfleaq4@w3.org,Male,Support,Web Developer II
942,Nannette,Levi,nleviq5@biglobe.ne.jp,Female,Product Management,GIS Technical Architect
943,Mariam,Liptrot,mliptrotq6@deviantart.com,Female,Legal,Database Administrator III
944,Merrile,Sirey,msireyq7@marketwatch.com,Female,Business Development,Human Resources Assistant III
945,Pen,Heilds,pheildsq8@wired.com,Female,Support,Marketing Manager
946,Carlyle,Flemming,cflemmingq9@washington.edu,Bigender,Legal,Graphic Designer
947,Gunther,Aubery,gauberyqa@census.gov,Male,Support,Paralegal
948,Charo,Pamplin,cpamplinqb@linkedin.com,Female,Research and Development,Office Assistant III
949,Elroy,Brockie,ebrockieqc@artisteer.com,Male,Sales,Social Worker
950,Ranna,Ricardin,rricardinqd@gizmodo.com,Female,Training,Environmental Tech
951,Lilllie,McKinney,lmckinneyqe@taobao.com,Female,Engineering,Data Coordinator
952,Xylia,Mettricke,xmettrickeqf@paypal.com,Agender,Engineering,VP Accounting
953,Amil,Lindbergh,alindberghqg@cnn.com,Female,Product Management,Social Worker
954,Timmie,Radbourne,tradbourneqh@kickstarter.com,Female,Support,Civil Engineer
955,Suellen,Kearton,skeartonqi@tamu.edu,Female,Human Resources,Quality Control Specialist
956,Odo,Slavin,oslavinqj@ebay.com,Male,Marketing,Analog Circuit Design manager
957,Rona,Lomasney,rlomasneyqk@wikipedia.org,Female,Engineering,Food Chemist
958,Abbey,Galley,agalleyql@about.com,Female,Sales,Programmer I
959,Herve,Upcott,hupcottqm@storify.com,Male,Engineering,Automation Specialist I
960,Martelle,MacKain,mmackainqn@4shared.com,Female,Engineering,VP Marketing
961,Marcelia,Kidney,mkidneyqo@51.la,Female,Sales,Nurse
962,Randy,Starbuck,rstarbuckqp@ft.com,Male,Accounting,Administrative Assistant I
963,Doralin,Fishley,dfishleyqq@bbb.org,Female,Research and Development,Senior Developer
964,Ezra,Ridhole,eridholeqr@illinois.edu,Male,Legal,Developer IV
965,Gigi,McIlvenna,gmcilvennaqs@army.mil,Female,Training,Database Administrator I
966,Skell,Eastwood,seastwoodqt@devhub.com,Male,Support,Assistant Media Planner
967,Cyrillus,Costerd,ccosterdqu@bluehost.com,Male,Marketing,Graphic Designer
968,Frannie,Benedetti,fbenedettiqv@ft.com,Female,Product Management,Recruiter
969,Noach,Puddin,npuddinqw@sbwire.com,Male,Support,Geologist III
970,Keely,Chartman,kchartmanqx@issuu.com,Female,Training,Developer II
971,Forbes,Schusterl,fschusterlqy@list-manage.com,Male,Legal,Legal Assistant
972,Ranice,Beetles,rbeetlesqz@digg.com,Female,Training,Product Engineer
973,Andree,Every,aeveryr0@disqus.com,Female,Research and Development,Senior Editor
974,Tabina,Jumont,tjumontr1@ameblo.jp,Female,Research and Development,Technical Writer
975,Cherida,Whardley,cwhardleyr2@typepad.com,Female,Human Resources,Community Outreach Specialist
976,Berti,Crowest,bcrowestr3@live.com,Male,Sales,Payment Adjustment Coordinator
977,Fairlie,Redihalgh,fredihalghr4@slideshare.net,Male,Training,Health Coach I
978,Fernande,Mosedill,fmosedillr5@gmpg.org,Female,Support,VP Quality Control
979,Dell,Brissenden,dbrissendenr6@google.co.jp,Female,Services,Staff Accountant II
980,Mil,Priestner,mpriestnerr7@drupal.org,Non-binary,Sales,Information Systems Manager
981,Harriett,Seymark,hseymarkr8@ebay.com,Female,Sales,Media Manager III
982,Laina,Jeandel,ljeandelr9@rediff.com,Female,Training,Payment Adjustment Coordinator
983,Wernher,Keveren,wkeverenra@paginegialle.it,Male,Human Resources,Payment Adjustment Coordinator
984,Cody,Kasbye,ckasbyerb@theatlantic.com,Female,Services,Payment Adjustment Coordinator
985,Nan,Todd,ntoddrc@over-blog.com,Polygender,Business Development,Web Designer I
986,Elnar,Molohan,emolohanrd@spiegel.de,Male,Services,Analog Circuit Design manager
987,Gage,Veeler,gveelerre@mysql.com,Male,Services,Senior Sales Associate
988,Reggie,Ogger,roggerrf@dyndns.org,Female,Sales,Professor
989,Oriana,Getley,ogetleyrg@360.cn,Female,Marketing,Safety Technician III
990,Mae,Carles,mcarlesrh@tumblr.com,Female,Research and Development,Food Chemist
991,Stesha,Olcot,solcotri@linkedin.com,Female,Legal,VP Product Management
992,Fleur,Stuther,fstutherrj@wufoo.com,Female,Human Resources,Staff Accountant I
993,Dedie,Spikings,dspikingsrk@cam.ac.uk,Female,Product Management,Software Test Engineer I
994,Godfrey,Moens,gmoensrl@aol.com,Male,Services,Professor
995,Aurilia,Sore,asorerm@admin.ch,Female,Services,Social Worker
996,Madelaine,Tuberfield,mtuberfieldrn@ted.com,Female,Training,Physical Therapy Assistant
997,Mack,French,mfrenchro@nytimes.com,Male,Training,Nurse
998,Benton,Cherrett,bcherrettrp@mtv.com,Male,Accounting,Statistician IV
999,Morie,Farrer,mfarrerrq@t.co,Male,Training,Senior Developer
1000,Papageno,Hanton,phantonrr@list-manage.com,Male,Research and Development,Senior Quality Engineer
